cycle,stateabrev,newplan,EG,seats,dem_seats,url,districts
1972,AK,yes,-0.625,1,0,,
1972,AL,yes,-0.030,7,4,,
1972,AR,yes,0.235,4,3,,
1972,AZ,yes,-0.207,4,1,,
1972,CA,yes,-0.006,43,23,,
1972,CO,yes,-0.043,5,2,,
1972,CT,yes,0.025,6,3,,
1972,DE,yes,-0.242,1,0,,
1972,FL,yes,0.194,15,11,,
1972,GA,yes,0.338,10,9,,
1972,HI,yes,0.382,2,2,,
1972,IA,yes,-0.033,6,3,,
1972,ID,yes,-0.231,2,0,,
1972,IL,yes,-0.065,24,10,,
1972,IN,yes,-0.060,11,4,,
1972,KS,yes,0.056,5,1,,
1972,KY,yes,0.208,7,5,,
1972,LA,yes,0.129,8,7,,
1972,MA,yes,0.101,12,9,,
1972,MD,yes,-0.040,8,4,,
1972,ME,yes,-0.057,2,1,,
1972,MI,yes,-0.025,19,8,,
1972,MN,yes,-0.082,8,4,,
1972,MO,yes,0.206,10,9,,
1972,MS,yes,0.024,5,3,,
1972,MT,yes,-0.210,2,1,,
1972,NC,yes,0.114,11,7,,
1972,ND,yes,-0.043,1,0,,
1972,NE,yes,-0.181,3,0,,
1972,NH,yes,-0.095,2,0,,
1972,NJ,yes,0.042,15,8,,
1972,NM,yes,-0.126,2,1,,
1972,NV,yes,-0.457,1,0,,
1972,NY,yes,0.053,39,22,,
1972,OH,yes,-0.132,23,7,,
1972,OK,yes,0.194,6,5,,
1972,OR,yes,0.048,4,2,,
1972,PA,yes,0.084,25,14,,
1972,RI,yes,0.246,2,2,,
1972,SC,yes,0.023,6,4,,
1972,SD,yes,-0.062,2,1,,
1972,TN,yes,-0.101,8,3,,
1972,TX,yes,0.131,24,20,,
1972,UT,yes,0.378,2,2,,
1972,VA,yes,-0.113,10,3,,
1972,VT,yes,-0.200,1,0,,
1972,WA,yes,0.038,7,6,,
1972,WI,yes,-0.082,9,5,,
1972,WV,yes,0.318,4,4,,
1972,WY,yes,0.466,1,1,,
1974,AK,,-0.423,1,0,,
1974,AL,,-0.047,7,4,,
1974,AR,,-0.038,4,3,,
1974,AZ,,-0.256,4,1,,
1974,CA,yes,0.019,43,28,,
1974,CO,,0.037,5,3,,
1974,CT,,-0.003,6,4,,
1974,DE,,-0.307,1,0,,
1974,FL,,0.072,15,10,,
1974,GA,,0.165,10,10,,
1974,HI,,0.278,2,2,,
1974,IA,,0.250,6,5,,
1974,ID,,-0.360,2,0,,
1974,IL,,-0.084,24,13,,
1974,IN,,0.210,11,9,,
1974,KS,,-0.175,5,1,,
1974,KY,,-0.077,7,5,,
1974,LA,,-0.011,8,6,,
1974,MA,,0.077,12,10,,
1974,MD,,-0.083,8,5,,
1974,ME,,-0.298,2,0,,
1974,MI,,-0.048,19,12,,
1974,MN,,-0.053,8,5,,
1974,MO,,0.058,10,9,,
1974,MS,,0.077,5,3,,
1974,MT,,0.328,2,2,,
1974,NC,,0.091,11,9,,
1974,ND,,-0.386,1,0,,
1974,NE,,-0.445,3,0,,
1974,NH,,0.118,2,1,,
1974,NJ,,0.035,15,12,,
1974,NM,,-0.041,2,1,,
1974,NV,,0.290,1,1,,
1974,NY,yes,0.046,39,27,,
1974,OH,,-0.149,23,8,,
1974,OK,,0.084,6,5,,
1974,OR,,0.218,4,4,,
1974,PA,,-0.082,25,14,,
1974,RI,,-0.014,2,2,,
1974,SC,,0.161,6,5,,
1974,SD,,-0.274,2,0,,
1974,TN,,0.094,8,5,,
1974,TX,yes,0.050,24,21,,
1974,UT,,0.329,2,2,,
1974,VA,,-0.048,10,5,,
1974,VT,,-0.337,1,0,,
1974,WA,,0.179,7,6,,
1974,WI,,0.084,9,7,,
1974,WV,,0.176,4,4,,
1974,WY,,0.406,1,1,,
1976,AK,,-0.080,1,0,,
1976,AL,,-0.126,7,4,,
1976,AR,,-0.033,4,3,,
1976,AZ,,-0.022,4,2,,
1976,CA,,0.052,43,29,,
1976,CO,,0.181,5,3,,
1976,CT,,0.144,6,4,,
1976,DE,,-0.461,1,0,,
1976,FL,,0.037,15,10,,
1976,GA,,0.150,10,10,,
1976,HI,,0.093,2,2,,
1976,IA,,0.019,6,4,,
1976,ID,,-0.447,2,0,,
1976,IL,,-0.031,24,12,,
1976,IN,,0.146,11,8,,
1976,KS,,0.120,5,2,,
1976,KY,,0.038,7,5,,
1976,LA,,0.006,8,5,,
1976,MA,,0.079,12,10,,
1976,MD,,-0.105,8,5,,
1976,ME,,-0.149,2,0,,
1976,MI,,-0.037,19,11,,
1976,MN,,-0.111,8,4,,
1976,MO,,0.158,10,8,,
1976,MS,,-0.005,5,3,,
1976,MT,,-0.125,2,1,,
1976,NC,,0.098,11,9,,
1976,ND,,-0.231,1,0,,
1976,NE,,0.126,3,1,,
1976,NH,,-0.076,2,1,,
1976,NJ,,0.117,15,11,,
1976,NM,,0.073,2,1,,
1976,NV,,-0.229,1,1,,
1976,NY,,0.034,39,27,,
1976,OH,,-0.024,23,10,,
1976,OK,,0.039,6,5,,
1976,OR,,0.208,4,4,,
1976,PA,,0.066,25,17,,
1976,RI,,0.090,2,2,,
1976,SC,,0.130,6,5,,
1976,SD,,0.006,2,0,,
1976,TN,yes,0.021,8,5,,
1976,TX,,0.188,24,22,,
1976,UT,,-0.029,2,1,,
1976,VA,,-0.090,10,4,,
1976,VT,,-0.129,1,0,,
1976,WA,,0.049,7,5,,
1976,WI,,0.109,9,7,,
1976,WV,,0.152,4,4,,
1976,WY,,0.371,1,1,,
1978,AK,,-0.390,1,0,,
1978,AL,,-0.115,7,4,,
1978,AR,,0.018,4,2,,
1978,AZ,,0.113,4,2,,
1978,CA,,0.043,43,25,,
1978,CO,,0.143,5,3,,
1978,CT,,0.167,6,5,,
1978,DE,,-0.329,1,0,,
1978,FL,,0.128,15,12,,
1978,GA,,-0.005,10,9,,
1978,HI,,-0.169,2,2,,
1978,IA,,0.004,6,3,,
1978,ID,,-0.327,2,0,,
1978,IL,,-0.065,24,10,,
1978,IN,,0.087,11,7,,
1978,KS,,-0.192,5,1,,
1978,KY,,0.042,7,4,,
1978,LA,,0.252,8,6,,
1978,MA,,0.078,12,10,,
1978,MD,,0.004,8,6,,
1978,ME,,-0.306,2,0,,
1978,MI,,0.042,19,13,,
1978,MN,,0.016,8,4,,
1978,MO,,0.046,10,8,,
1978,MS,,-0.058,5,3,,
1978,MT,,-0.013,2,1,,
1978,NC,,0.152,11,9,,
1978,ND,,-0.130,1,0,,
1978,NE,,0.090,3,1,,
1978,NH,,0.044,2,1,,
1978,NJ,,0.057,15,10,,
1978,NM,,0.027,2,1,,
1978,NV,,0.002,1,1,,
1978,NY,,0.059,39,26,,
1978,OH,,0.001,23,10,,
1978,OK,,0.143,6,5,,
1978,OR,,0.203,4,4,,
1978,PA,,0.073,25,15,,
1978,RI,,0.368,2,2,,
1978,SC,,0.005,6,4,,
1978,SD,,0.059,2,1,,
1978,TN,,0.117,8,5,,
1978,TX,,0.179,24,20,,
1978,UT,,0.118,2,1,,
1978,VA,,0.031,10,4,,
1978,VT,,0.092,1,0,,
1978,WA,,0.298,7,6,,
1978,WI,,0.105,9,6,,
1978,WV,,0.262,4,4,,
1978,WY,,-0.327,1,0,,
1980,AK,,-0.018,1,0,,
1980,AL,,-0.053,7,4,,
1980,AR,,0.163,4,2,,
1980,AZ,,0.048,4,2,,
1980,CA,,0.077,43,22,,
1980,CO,,0.201,5,3,,
1980,CT,,0.125,6,4,,
1980,DE,,-0.255,1,0,,
1980,FL,,0.109,15,11,,
1980,GA,,0.053,10,9,,
1980,HI,,-0.241,2,2,,
1980,IA,,-0.027,6,3,,
1980,ID,,-0.377,2,0,,
1980,IL,,-0.001,24,10,,
1980,IN,,0.051,11,6,,
1980,KS,,-0.170,5,1,,
1980,KY,,0.030,7,4,,
1980,LA,,0.331,8,6,,
1980,MA,,0.134,12,10,,
1980,MD,,0.141,8,7,,
1980,ME,,-0.037,2,0,,
1980,MI,,0.067,19,12,,
1980,MN,,-0.082,8,3,,
1980,MO,,0.017,10,6,,
1980,MS,,0.200,5,4,,
1980,MT,,-0.041,2,1,,
1980,NC,,0.062,11,7,,
1980,ND,,0.357,1,1,,
1980,NE,,-0.041,3,0,,
1980,NH,,0.026,2,1,,
1980,NJ,,0.053,15,8,,
1980,NM,,-0.468,2,0,,
1980,NV,,0.053,1,1,,
1980,NY,,0.076,39,22,,
1980,OH,,0.058,23,10,,
1980,OK,,0.212,6,5,,
1980,OR,,0.051,4,3,,
1980,PA,,-0.026,25,11,,
1980,RI,,-0.106,2,1,,
1980,SC,,-0.172,6,2,,
1980,SD,,-0.085,2,1,,
1980,TN,,0.023,8,5,,
1980,TX,,0.224,24,19,,
1980,UT,,-0.295,2,0,,
1980,VA,,-0.147,10,1,,
1980,VT,,-0.025,1,0,,
1980,WA,,0.200,7,5,,
1980,WI,,0.048,9,5,,
1980,WV,,-0.140,4,2,,
1980,WY,,-0.129,1,0,,
1982,AK,yes,-0.077,1,0,,
1982,AL,yes,-0.080,7,5,,
1982,AR,yes,-0.047,4,2,,
1982,AZ,yes,0.036,5,2,,
1982,CA,yes,0.115,45,28,,
1982,CO,yes,0.039,6,3,,
1982,CT,yes,0.080,6,4,,
1982,DE,yes,0.439,1,1,,
1982,FL,yes,0.005,19,13,,
1982,GA,yes,0.045,10,9,,
1982,HI,yes,-0.034,2,2,,
1982,IA,yes,-0.053,6,3,,
1982,ID,yes,-0.440,2,0,,
1982,IL,yes,-0.067,22,12,,
1982,IN,yes,0.015,10,5,,
1982,KS,yes,-0.026,5,2,,
1982,KY,yes,-0.083,7,4,,
1982,LA,yes,0.075,8,6,,
1982,MA,yes,0.100,11,10,,
1982,MD,yes,0.014,8,7,,
1982,ME,yes,-0.335,2,0,,
1982,MI,yes,0.026,18,12,,
1982,MN,yes,0.022,8,5,,
1982,MO,yes,0.024,9,6,,
1982,MS,yes,0.042,5,3,,
1982,MT,yes,-0.076,2,1,,
1982,NC,yes,0.154,11,9,,
1982,ND,yes,0.058,1,1,,
1982,NE,yes,-0.140,3,0,,
1982,NH,yes,0.148,2,1,,
1982,NJ,yes,0.006,14,9,,
1982,NM,yes,-0.194,3,1,,
1982,NV,yes,0.007,2,1,,
1982,NY,yes,-0.005,34,20,,
1982,OH,yes,-0.090,21,10,,
1982,OK,yes,0.064,6,5,,
1982,OR,yes,-0.039,5,3,,
1982,PA,yes,0.001,23,13,,
1982,RI,yes,-0.050,2,1,,
1982,SC,yes,-0.019,6,3,,
1982,SD,yes,0.469,1,1,,
1982,TN,yes,-0.055,9,6,,
1982,TX,yes,0.110,27,21,,
1982,UT,yes,-0.337,3,0,,
1982,VA,yes,-0.063,10,4,,
1982,VT,yes,-0.002,1,0,,
1982,WA,yes,0.059,8,5,,
1982,WI,yes,-0.047,9,5,,
1982,WV,yes,0.242,4,4,,
1982,WY,yes,-0.078,1,0,,
1984,AK,,-0.362,1,0,,
1984,AL,,0.015,7,5,,
1984,AR,,0.284,4,3,,
1984,AZ,,-0.011,5,1,,
1984,CA,yes,0.097,45,27,,
1984,CO,,0.034,6,2,,
1984,CT,,0.066,6,3,,
1984,DE,,0.329,1,1,,
1984,FL,,0.148,19,12,,
1984,GA,,0.036,10,8,,
1984,HI,,-0.197,2,2,,
1984,IA,,-0.105,6,2,,
1984,ID,,0.186,2,1,,
1984,IL,,0.062,22,13,,
1984,IN,,0.058,10,5,,
1984,KS,,0.009,5,2,,
1984,KY,,0.027,7,4,,
1984,LA,,0.236,8,6,,
1984,MA,,0.145,11,10,,
1984,MD,,-0.013,8,6,,
1984,ME,,-0.104,2,0,,
1984,MI,,0.071,18,11,,
1984,MN,,0.044,8,5,,
1984,MO,,0.117,9,6,,
1984,MS,,0.107,5,3,,
1984,MT,,-0.024,2,1,,
1984,NC,,-0.003,11,6,,
1984,ND,,-0.074,1,1,,
1984,NE,,-0.016,3,0,,
1984,NH,,-0.140,2,0,,
1984,NJ,yes,0.059,14,8,,
1984,NM,,0.021,3,1,,
1984,NV,,0.173,2,1,,
1984,NY,,0.025,34,19,,
1984,OH,,0.085,21,11,,
1984,OK,,0.163,6,5,,
1984,OR,,0.011,5,3,,
1984,PA,,0.002,23,13,,
1984,RI,,0.000,2,1,,
1984,SC,,0.044,6,3,,
1984,SD,,0.353,1,1,,
1984,TN,,0.096,9,6,,
1984,TX,yes,0.150,27,17,,
1984,UT,,-0.199,3,0,,
1984,VA,,0.007,10,4,,
1984,VT,,-0.079,1,0,,
1984,WA,yes,0.015,8,5,,
1984,WI,,0.104,9,5,,
1984,WV,,0.281,4,4,,
1984,WY,,0.002,1,0,,
1986,AK,,-0.342,1,0,,
1986,AL,,-0.070,7,5,,
1986,AR,,0.069,4,3,,
1986,AZ,,-0.046,5,1,,
1986,CA,,0.049,45,27,,
1986,CO,,0.115,6,3,,
1986,CT,,-0.113,6,3,,
1986,DE,,0.172,1,1,,
1986,FL,,0.057,19,12,,
1986,GA,,-0.004,10,8,,
1986,HI,,-0.161,2,1,,
1986,IA,,-0.129,6,2,,
1986,ID,,0.122,2,1,,
1986,IL,,-0.004,22,13,,
1986,IN,,0.079,10,6,,
1986,KS,,0.021,5,2,,
1986,KY,,-0.062,7,4,,
1986,LA,,-0.066,8,4,,
1986,MA,,0.083,11,10,,
1986,MD,,-0.008,8,6,,
1986,ME,,0.202,2,1,,
1986,MI,,-0.046,18,11,,
1986,MN,,-0.072,8,5,,
1986,MO,,-0.060,9,5,,
1986,MS,,0.116,5,4,,
1986,MT,,-0.083,2,1,,
1986,NC,,0.095,11,8,,
1986,ND,,-0.027,1,1,,
1986,NE,,-0.209,3,0,,
1986,NH,,-0.202,2,0,,
1986,NJ,,0.036,14,8,,
1986,NM,,-0.094,3,1,,
1986,NV,,0.049,2,1,,
1986,NY,,0.021,34,20,,
1986,OH,yes,0.027,21,11,,
1986,OK,,-0.046,6,4,,
1986,OR,,-0.034,5,3,,
1986,PA,,-0.019,23,12,,
1986,RI,,0.151,2,1,,
1986,SC,,-0.026,6,4,,
1986,SD,,0.316,1,1,,
1986,TN,,0.065,9,6,,
1986,TX,,0.074,27,17,,
1986,UT,,-0.089,3,1,,
1986,VA,,0.009,10,5,,
1986,VT,,-0.097,1,0,,
1986,WA,,-0.061,8,5,,
1986,WI,,0.077,9,5,,
1986,WV,,0.126,4,4,,
1986,WY,,-0.111,1,0,,
1988,AK,,-0.247,1,0,,
1988,AL,,0.017,7,5,,
1988,AR,,-0.195,4,2,,
1988,AZ,,-0.015,5,1,,
1988,CA,,0.037,45,27,,
1988,CO,,0.016,6,3,,
1988,CT,,0.012,6,3,,
1988,DE,,0.150,1,1,,
1988,FL,,-0.059,19,8,,
1988,GA,,0.120,10,9,,
1988,HI,,-0.184,2,1,,
1988,IA,,-0.144,6,2,,
1988,ID,,0.013,2,1,,
1988,IL,,0.075,22,14,,
1988,IN,,0.165,10,7,,
1988,KS,,0.029,5,2,,
1988,KY,,0.110,7,4,,
1988,LA,,0.081,8,4,,
1988,MA,,0.079,11,10,,
1988,MD,,0.063,8,6,,
1988,ME,,0.004,2,1,,
1988,MI,,0.048,18,11,,
1988,MN,,-0.048,8,5,,
1988,MO,,-0.060,9,5,,
1988,MS,,0.173,5,5,,
1988,MT,,-0.059,2,1,,
1988,NC,,0.162,11,8,,
1988,ND,,0.069,1,1,,
1988,NE,,0.133,3,1,,
1988,NH,,-0.324,2,0,,
1988,NJ,,0.118,14,8,,
1988,NM,,-0.222,3,1,,
1988,NV,,-0.052,2,1,,
1988,NY,,0.061,34,21,,
1988,OH,,0.001,21,11,,
1988,OK,,-0.041,6,4,,
1988,OR,,-0.140,5,3,,
1988,PA,,0.015,23,12,,
1988,RI,,-0.218,2,0,,
1988,SC,,0.055,6,4,,
1988,SD,,0.065,1,1,,
1988,TN,,0.111,9,6,,
1988,TX,,0.153,27,19,,
1988,UT,,-0.032,3,1,,
1988,VA,,0.093,10,5,,
1988,VT,,-0.128,1,0,,
1988,WA,,0.039,8,5,,
1988,WI,,0.084,9,5,,
1988,WV,,0.116,4,4,,
1988,WY,,-0.146,1,0,,
1990,AK,,-0.462,1,0,,
1990,AL,,-0.050,7,5,,
1990,AR,,0.140,4,3,,
1990,AZ,,-0.130,5,1,,
1990,CA,,0.028,45,26,,
1990,CO,,-0.016,6,3,,
1990,CT,,0.055,6,3,,
1990,DE,,0.166,1,1,,
1990,FL,,-0.023,19,9,,
1990,GA,,0.173,10,9,,
1990,HI,,0.206,2,2,,
1990,IA,,-0.094,6,2,,
1990,ID,,0.336,2,2,,
1990,IL,,0.042,22,15,,
1990,IN,,0.202,10,8,,
1990,KS,,-0.108,5,2,,
1990,KY,,0.080,7,4,,
1990,LA,,-0.040,8,4,,
1990,MA,,0.280,11,11,,
1990,MD,,0.080,8,5,,
1990,ME,,-0.100,2,1,,
1990,MI,,0.047,18,11,,
1990,MN,,0.078,8,6,,
1990,MO,,0.090,9,6,,
1990,MS,,-0.045,5,5,,
1990,MT,,0.010,2,1,,
1990,NC,,0.066,11,7,,
1990,ND,,0.196,1,1,,
1990,NE,,-0.111,3,1,,
1990,NH,,0.027,2,1,,
1990,NJ,,0.175,14,8,,
1990,NM,,-0.128,3,1,,
1990,NV,,0.023,2,1,,
1990,NY,,0.042,34,21,,
1990,OH,,-0.020,21,11,,
1990,OK,,-0.045,6,4,,
1990,OR,,0.086,5,4,,
1990,PA,,-0.072,23,11,,
1990,RI,,-0.049,2,1,,
1990,SC,,0.058,6,4,,
1990,SD,,0.149,1,1,,
1990,TN,,0.048,9,6,,
1990,TX,,0.176,27,19,,
1990,UT,,0.066,3,2,,
1990,VA,,0.107,10,6,,
1990,VT,,0,1,1,,
1990,WA,,0.048,8,5,,
1990,WI,,-0.096,9,4,,
1990,WV,,0.258,4,4,,
1990,WY,,-0.398,1,0,,
1992,AK,yes,-0.456,1,0,,
1992,AL,yes,-0.093,7,4,,
1992,AR,yes,-0.191,4,2,,
1992,AZ,yes,0.119,6,3,,
1992,CA,yes,-0.011,52,30,,
1992,CO,yes,-0.121,6,2,,
1992,CT,yes,0.164,6,3,,
1992,DE,yes,-0.368,1,0,,
1992,FL,yes,-0.028,23,10,,
1992,GA,yes,0.039,11,7,,
1992,HI,yes,-0.023,2,2,,
1992,IA,yes,-0.238,5,1,,
1992,ID,yes,0.018,2,1,,
1992,IL,yes,-0.022,20,12,,
1992,IN,yes,0.106,10,7,,
1992,KS,yes,0.096,4,2,,
1992,KY,yes,0.106,6,4,,
1992,LA,yes,0.027,7,4,,
1992,MA,yes,0.052,10,8,,
1992,MD,yes,-0.063,8,4,,
1992,ME,yes,-0.133,2,1,,
1992,MI,yes,0.075,16,10,,
1992,MN,yes,0.133,8,6,,
1992,MO,yes,0.066,9,6,,
1992,MS,yes,0.080,5,5,,
1992,MT,yes,0.464,1,1,,
1992,NC,yes,0.135,12,8,,
1992,ND,yes,0.319,1,1,,
1992,NE,yes,0.036,3,1,,
1992,NH,yes,-0.079,2,1,,
1992,NJ,yes,0.091,13,7,,
1992,NM,yes,-0.157,3,1,,
1992,NV,yes,-0.069,2,1,,
1992,NY,yes,0.043,31,18,,
1992,OH,yes,0.011,19,10,,
1992,OK,yes,-0.038,6,4,,
1992,OR,yes,0.103,5,4,,
1992,PA,yes,-0.010,21,11,,
1992,RI,yes,-0.017,2,1,,
1992,SC,yes,-0.039,6,3,,
1992,SD,yes,0.060,1,1,,
1992,TN,yes,0.137,9,6,,
1992,TX,yes,0.186,30,21,,
1992,UT,yes,0.211,3,2,,
1992,VA,yes,0.075,11,7,,
1992,VT,yes,0,1,1,,
1992,WA,yes,0.238,9,8,,
1992,WI,yes,-0.031,9,4,,
1992,WV,yes,0.134,3,3,,
1992,WY,yes,-0.309,1,0,,
1994,AK,,-0.230,1,0,,
1994,AL,,0.165,7,4,,
1994,AR,,0.052,4,2,,
1994,AZ,,-0.104,6,1,,
1994,CA,,0.039,52,27,,
1994,CO,,0.098,6,2,,
1994,CT,,0.097,6,3,,
1994,DE,,-0.046,1,0,,
1994,FL,,0.013,23,8,,
1994,GA,,-0.137,11,3,,
1994,HI,,0.206,2,2,,
1994,IA,,-0.342,5,0,,
1994,ID,,-0.201,2,0,,
1994,IL,,0.047,20,10,,
1994,IN,,0.035,10,4,,
1994,KS,,-0.230,4,0,,
1994,KY,,0.009,6,2,,
1994,LA,,0.010,7,3,,
1994,MA,,0.060,10,8,,
1994,MD,,0.015,8,4,,
1994,ME,,-0.004,2,1,,
1994,MI,,0.101,16,9,,
1994,MN,yes,0.229,8,6,,
1994,MO,,0.132,9,6,,
1994,MS,,0.139,5,4,,
1994,MT,,0.429,1,1,,
1994,NC,,-0.038,12,4,,
1994,ND,,0.425,1,1,,
1994,NE,,-0.214,3,0,,
1994,NH,,-0.286,2,0,,
1994,NJ,,-0.005,13,5,,
1994,NM,,0.002,3,1,,
1994,NV,,-0.279,2,0,,
1994,NY,,0.064,31,17,,
1994,OH,,-0.052,19,6,,
1994,OK,,-0.207,6,1,,
1994,OR,,-0.029,5,3,,
1994,PA,,0.036,21,11,,
1994,RI,,0.275,2,2,,
1994,SC,,0.016,6,2,,
1994,SD,,0.259,1,1,,
1994,TN,,0.014,9,4,,
1994,TX,,0.184,30,18,,
1994,UT,,-0.089,3,1,,
1994,VA,yes,0.110,11,6,,
1994,VT,,0,1,1,,
1994,WA,,-0.262,9,2,,
1994,WI,,-0.005,9,3,,
1994,WV,,0.177,3,3,,
1994,WY,,-0.374,1,0,,
1996,AK,,-0.260,1,0,,
1996,AL,,-0.124,7,2,,
1996,AR,,0.084,4,2,,
1996,AZ,,-0.118,6,1,,
1996,CA,,0.018,52,29,,
1996,CO,,-0.001,6,2,,
1996,CT,,0.068,6,4,,
1996,DE,,-0.066,1,0,,
1996,FL,yes,-0.038,23,8,,
1996,GA,yes,-0.145,11,3,,
1996,HI,,0.319,2,2,,
1996,IA,,-0.201,5,1,,
1996,ID,,-0.300,2,0,,
1996,IL,,-0.094,20,10,,
1996,IN,,-0.013,10,4,,
1996,KS,,-0.329,4,0,,
1996,KY,,-0.200,6,1,,
1996,LA,,-0.171,7,2,,
1996,MA,,0.206,10,10,,
1996,MD,,-0.070,8,4,,
1996,ME,,0.215,2,2,,
1996,MI,,0.051,16,10,,
1996,MN,,0.132,8,6,,
1996,MO,,-0.090,9,5,,
1996,MS,,0.005,5,2,,
1996,MT,,-0.403,1,0,,
1996,NC,,0.082,12,6,,
1996,ND,,0.380,1,1,,
1996,NE,,-0.125,3,0,,
1996,NH,,-0.445,2,0,,
1996,NJ,,-0.021,13,6,,
1996,NM,,-0.519,3,0,,
1996,NV,,-0.320,2,0,,
1996,NY,,-0.042,31,18,,
1996,OH,,-0.014,19,8,,
1996,OK,,-0.246,6,0,,
1996,OR,,0.173,5,4,,
1996,PA,,-0.014,21,11,,
1996,RI,,0.118,2,2,,
1996,SC,,-0.041,6,2,,
1996,SD,,-0.282,1,0,,
1996,TN,,-0.037,9,4,,
1996,TX,yes,0.141,30,17,,
1996,UT,,-0.313,3,0,,
1996,VA,,0.041,11,6,,
1996,VT,,0,1,1,,
1996,WA,,-0.217,9,3,,
1996,WI,,0.106,9,5,,
1996,WV,,0.132,3,3,,
1996,WY,,-0.350,1,0,,
1998,AK,,-0.212,1,0,,
1998,AL,,-0.118,7,2,,
1998,AR,,-0.008,4,2,,
1998,AZ,,-0.161,6,1,,
1998,CA,,-0.057,52,28,,
1998,CO,,-0.021,6,2,,
1998,CT,,0.116,6,4,,
1998,DE,,-0.148,1,0,,
1998,FL,,-0.046,23,8,,
1998,GA,,-0.081,11,3,,
1998,HI,,0.128,2,2,,
1998,IA,,-0.149,5,1,,
1998,ID,,-0.406,2,0,,
1998,IL,,-0.057,20,10,,
1998,IN,,0.023,10,4,,
1998,KS,,-0.004,4,1,,
1998,KY,,-0.167,6,1,,
1998,LA,,-0.143,7,2,,
1998,MA,,0.103,10,10,,
1998,MD,,-0.090,8,4,,
1998,ME,,0.116,2,2,,
1998,MI,,0.082,16,10,,
1998,MN,,0.149,8,6,,
1998,MO,,0.031,9,5,,
1998,MS,,0.046,5,3,,
1998,MT,,-0.403,1,0,,
1998,NC,yes,-0.006,12,5,,
1998,ND,,0.345,1,1,,
1998,NE,,-0.018,3,0,,
1998,NH,,-0.289,2,0,,
1998,NJ,,0.013,13,7,,
1998,NM,,-0.129,3,1,,
1998,NV,,0.174,2,1,,
1998,NY,yes,0.003,31,19,,
1998,OH,,-0.032,19,8,,
1998,OK,,-0.237,6,0,,
1998,OR,,0.154,5,4,,
1998,PA,,0.018,21,11,,
1998,RI,,0.102,2,2,,
1998,SC,,-0.115,6,2,,
1998,SD,,0.002,1,0,,
1998,TN,,-0.024,9,4,,
1998,TX,,0.143,30,17,,
1998,UT,,-0.287,3,0,,
1998,VA,yes,0.081,11,6,,
1998,VT,,0,1,1,,
1998,WA,,-0.016,9,5,,
1998,WI,,0.019,9,5,,
1998,WV,,0.041,3,3,,
1998,WY,,-0.302,1,0,,
2000,AK,,0.116,1,0,,
2000,AL,,-0.078,7,2,,
2000,AR,,0.251,4,3,,
2000,AZ,,-0.123,6,1,,
2000,CA,,0.010,52,32,,
2000,CO,,-0.038,6,2,,
2000,CT,,-0.080,6,3,,
2000,DE,,-0.126,1,0,,
2000,FL,,-0.081,23,8,,
2000,GA,,-0.027,11,3,,
2000,HI,,0.168,2,2,,
2000,IA,,-0.148,5,1,,
2000,ID,,-0.094,2,0,,
2000,IL,,-0.074,20,10,,
2000,IN,,-0.011,10,4,,
2000,KS,,-0.006,4,1,,
2000,KY,,-0.125,6,1,,
2000,LA,,0.004,7,2,,
2000,MA,,0.011,10,10,,
2000,MD,,-0.107,8,4,,
2000,ME,,0.150,2,2,,
2000,MI,,-0.034,16,9,,
2000,MN,,0.053,8,5,,
2000,MO,,-0.052,9,4,,
2000,MS,,0.079,5,3,,
2000,MT,,-0.447,1,0,,
2000,NC,yes,-0.042,12,5,,
2000,ND,,0.414,1,1,,
2000,NE,,-0.036,3,0,,
2000,NH,,-0.381,2,0,,
2000,NJ,,-0.012,13,7,,
2000,NM,,-0.212,3,1,,
2000,NV,,0.191,2,1,,
2000,NY,,0.004,31,19,,
2000,OH,,-0.022,19,8,,
2000,OK,,-0.079,6,1,,
2000,OR,,0.169,5,4,,
2000,PA,,-0.043,21,10,,
2000,RI,,0.031,2,2,,
2000,SC,,-0.077,6,2,,
2000,SD,,-0.006,1,0,,
2000,TN,,-0.043,9,4,,
2000,TX,,0.134,30,17,,
2000,UT,,0.000,3,1,,
2000,VA,,-0.166,11,3,,
2000,VT,,0,1,1,,
2000,WA,,0.084,9,6,,
2000,WI,,0.105,9,5,,
2000,WV,,-0.020,3,2,,
2000,WY,,-0.099,1,0,,
2002,AK,yes,0.123,1,0,,
2002,AL,yes,-0.104,7,2,,
2002,AR,yes,0.126,4,3,,
2002,AZ,yes,-0.068,8,2,,
2002,CA,yes,0.056,53,33,,
2002,CO,yes,-0.092,7,2,,
2002,CT,yes,-0.144,5,2,,
2002,DE,yes,-0.041,1,0,,
2002,FL,yes,-0.104,25,7,,
2002,GA,yes,0.061,13,5,,
2002,HI,yes,0.169,2,2,,
2002,IA,yes,-0.207,5,1,,
2002,ID,yes,-0.200,2,0,,
2002,IL,yes,-0.056,19,9,,
2002,IN,yes,-0.032,9,3,,
2002,KS,yes,-0.017,4,1,,
2002,KY,yes,-0.084,6,1,,
2002,LA,yes,0.109,7,3,,
2002,MA,yes,0.135,10,10,,
2002,MD,yes,0.159,8,6,,
2002,ME,yes,0.331,2,2,,
2002,MI,yes,-0.058,15,6,,
2002,MN,yes,-0.022,8,4,,
2002,MO,yes,0.031,9,4,,
2002,MS,yes,0.043,4,2,,
2002,MT,yes,-0.172,1,0,,
2002,NC,yes,-0.003,13,6,,
2002,ND,yes,0.452,1,1,,
2002,NE,yes,-0.061,3,0,,
2002,NH,yes,-0.317,2,0,,
2002,NJ,yes,0.026,13,7,,
2002,NM,yes,-0.204,3,1,,
2002,NV,yes,0.108,3,1,,
2002,NY,yes,0.078,29,19,,
2002,OH,yes,-0.048,18,6,,
2002,OK,yes,-0.231,5,1,,
2002,OR,yes,0.177,5,4,,
2002,PA,yes,-0.082,19,7,,
2002,RI,yes,0.104,2,2,,
2002,SC,yes,-0.002,6,2,,
2002,SD,yes,-0.421,1,0,,
2002,TN,yes,0.093,9,5,,
2002,TX,yes,0.118,32,17,,
2002,UT,yes,0.018,3,1,,
2002,VA,yes,-0.041,11,3,,
2002,VT,yes,0,1,1,,
2002,WA,yes,0.090,9,6,,
2002,WI,yes,0.027,8,4,,
2002,WV,yes,0.076,3,2,,
2002,WY,yes,-0.249,1,0,,
2004,AK,,0.021,1,0,,
2004,AL,,-0.067,7,2,,
2004,AR,,0.095,4,3,,
2004,AZ,,-0.089,8,2,,
2004,CA,,0.015,53,33,,
2004,CO,,-0.073,7,3,,
2004,CT,,-0.212,5,2,,
2004,DE,,-0.101,1,0,,
2004,FL,,-0.086,25,7,,
2004,GA,,0.073,13,6,,
2004,HI,,0.224,2,2,,
2004,IA,,-0.163,5,1,,
2004,ID,,-0.098,2,0,,
2004,IL,,-0.045,19,10,,
2004,IN,,-0.117,9,2,,
2004,KS,,-0.022,4,1,,
2004,KY,,-0.122,6,1,,
2004,LA,,0.053,7,2,,
2004,MA,,0.076,10,10,,
2004,MD,,0.062,8,6,,
2004,ME,,0.307,2,2,,
2004,MI,,-0.090,15,6,,
2004,MN,,-0.040,8,4,,
2004,MO,,0.035,9,4,,
2004,MS,,0.068,4,2,,
2004,MT,,-0.175,1,0,,
2004,NC,,-0.017,13,6,,
2004,ND,,0.309,1,1,,
2004,NE,,-0.119,3,0,,
2004,NH,,-0.262,2,0,,
2004,NJ,,-0.012,13,7,,
2004,NM,,-0.203,3,1,,
2004,NV,,-0.052,3,1,,
2004,NY,,-0.003,29,20,,
2004,OH,,-0.103,18,6,,
2004,OK,,-0.103,5,1,,
2004,OR,,0.189,5,4,,
2004,PA,,-0.117,19,7,,
2004,RI,,0.076,2,2,,
2004,SC,,-0.033,6,2,,
2004,SD,,0.425,1,1,,
2004,TN,,0.065,9,5,,
2004,TX,yes,-0.010,32,11,,
2004,UT,,0.013,3,1,,
2004,VA,,-0.090,11,3,,
2004,VT,,0,1,1,,
2004,WA,,-0.023,9,6,,
2004,WI,,0.068,8,4,,
2004,WV,,0.010,3,2,,
2004,WY,,-0.362,1,0,,
2006,AK,,-0.329,1,0,,
2006,AL,,-0.035,7,2,,
2006,AR,,0.053,4,3,,
2006,AZ,,0.023,8,4,,
2006,CA,,-0.013,53,34,,
2006,CO,,-0.012,7,4,,
2006,CT,,0.086,5,4,,
2006,DE,,-0.308,1,0,,
2006,FL,,-0.101,25,9,,
2006,GA,yes,0.080,13,6,,
2006,HI,,0.199,2,2,,
2006,IA,,0.129,5,3,,
2006,ID,,-0.334,2,0,,
2006,IL,,-0.108,19,10,,
2006,IN,,0.067,9,5,,
2006,KS,,0.126,4,2,,
2006,KY,,-0.061,6,2,,
2006,LA,,0.103,7,2,,
2006,MA,,0.003,10,10,,
2006,MD,,0.003,8,6,,
2006,ME,,0.135,2,2,,
2006,MI,,-0.145,15,6,,
2006,MN,,0.059,8,5,,
2006,MO,,-0.028,9,4,,
2006,MS,,-0.065,4,2,,
2006,MT,,-0.298,1,0,,
2006,NC,,-0.002,13,7,,
2006,ND,,0.186,1,1,,
2006,NE,,-0.379,3,0,,
2006,NH,,0.450,2,2,,
2006,NJ,,-0.069,13,7,,
2006,NM,,-0.283,3,1,,
2006,NV,,-0.217,3,1,,
2006,NY,,-0.017,29,23,,
2006,OH,,-0.165,18,7,,
2006,OK,,-0.137,5,1,,
2006,OR,,0.143,5,4,,
2006,PA,,-0.023,19,11,,
2006,RI,,-0.024,2,2,,
2006,SC,,-0.048,6,2,,
2006,SD,,0.096,1,1,,
2006,TN,,0.019,9,5,,
2006,TX,yes,-0.002,32,13,,
2006,UT,,-0.078,3,1,,
2006,VA,,-0.169,11,3,,
2006,VT,,0.411,1,1,,
2006,WA,,-0.052,9,6,,
2006,WI,,0.070,8,5,,
2006,WV,,0.006,3,2,,
2006,WY,,-0.495,1,0,,
2008,AK,,-0.446,1,0,,
2008,AL,,0.040,7,3,,
2008,AR,,0.105,4,3,,
2008,AZ,,0.109,8,5,,
2008,CA,,-0.084,53,34,,
2008,CO,,0.095,7,5,,
2008,CT,,0.175,5,5,,
2008,DE,,-0.267,1,0,,
2008,FL,,-0.069,25,10,,
2008,GA,,-0.005,13,6,,
2008,HI,,-0.090,2,2,,
2008,IA,,0.058,5,3,,
2008,ID,,0.185,2,1,,
2008,IL,,-0.071,19,12,,
2008,IN,,-0.001,9,5,,
2008,KS,,-0.045,4,1,,
2008,KY,,-0.111,6,2,,
2008,LA,,-0.177,7,1,,
2008,MA,,0.051,10,10,,
2008,MD,,0.000,8,7,,
2008,ME,,0.284,2,2,,
2008,MI,,-0.039,15,8,,
2008,MN,,-0.027,8,5,,
2008,MO,,-0.054,9,4,,
2008,MS,,0.088,4,3,,
2008,MT,,-0.172,1,0,,
2008,NC,,0.022,13,8,,
2008,ND,,0.261,1,1,,
2008,NE,,-0.183,3,0,,
2008,NH,,0.394,2,2,,
2008,NJ,,-0.007,13,8,,
2008,NM,,0.325,3,3,,
2008,NV,,0.079,3,2,,
2008,NY,,0.057,29,26,,
2008,OH,,0.006,18,10,,
2008,OK,,-0.071,5,1,,
2008,OR,,0.071,5,4,,
2008,PA,,0.030,19,12,,
2008,RI,,0.062,2,2,,
2008,SC,,-0.156,6,2,,
2008,SD,,0.149,1,1,,
2008,TN,,0.126,9,5,,
2008,TX,,-0.039,32,12,,
2008,UT,,-0.044,3,1,,
2008,VA,,0.045,11,6,,
2008,VT,,0.170,1,1,,
2008,WA,,-0.017,9,6,,
2008,WI,,0.051,8,5,,
2008,WV,,0.029,3,2,,
2008,WY,,-0.397,1,0,,
2010,AK,,-0.114,1,0,,
2010,AL,,-0.137,7,1,,
2010,AR,,-0.094,4,1,,
2010,AZ,,-0.008,8,3,,
2010,CA,,0.022,53,34,,
2010,CO,,-0.022,7,3,,
2010,CT,,0.313,5,5,,
2010,DE,,0.339,1,1,,
2010,FL,,-0.074,25,6,,
2010,GA,,0.029,13,5,,
2010,HI,,0.226,2,2,,
2010,IA,,0.209,5,3,,
2010,ID,,-0.228,2,0,,
2010,IL,,-0.122,19,8,,
2010,IN,,0.011,9,3,,
2010,KS,,-0.181,4,0,,
2010,KY,,0.084,6,2,,
2010,LA,,-0.027,7,1,,
2010,MA,,0.278,10,10,,
2010,MD,,0.008,8,6,,
2010,ME,,0.380,2,2,,
2010,MI,,-0.017,15,6,,
2010,MN,,0.026,8,4,,
2010,MO,,-0.011,9,3,,
2010,MS,,-0.151,4,1,,
2010,MT,,-0.218,1,0,,
2010,NC,,0.128,13,7,,
2010,ND,,-0.402,1,0,,
2010,NE,,-0.091,3,0,,
2010,NH,,-0.431,2,0,,
2010,NJ,,0.053,13,7,,
2010,NM,,0.135,3,2,,
2010,NV,,-0.108,3,1,,
2010,NY,,0.051,29,21,,
2010,OH,,-0.102,18,5,,
2010,OK,,0.035,5,1,,
2010,OR,,0.245,5,4,,
2010,PA,,-0.083,19,7,,
2010,RI,,0.312,2,2,,
2010,SC,,-0.174,6,1,,
2010,SD,,-0.476,1,0,,
2010,TN,,-0.001,9,2,,
2010,TX,,0.047,32,9,,
2010,UT,,0.117,3,1,,
2010,VA,,-0.133,11,3,,
2010,VT,,0.163,1,1,,
2010,WA,,0.026,9,5,,
2010,WI,,-0.017,8,3,,
2010,WV,,-0.059,3,1,,
2010,WY,,-0.016,1,0,,
2012,AK,yes,-0.118,1,0,,
2012,AL,yes,-0.148,7,1,,
2012,AR,yes,-0.261,4,0,,
2012,AZ,yes,0.147,9,5,,
2012,CA,yes,0.010,53,38,,
2012,CO,yes,-0.100,7,3,,
2012,CT,yes,0.180,5,5,,
2012,DE,yes,0.183,1,1,,
2012,FL,yes,-0.105,27,10,,
2012,GA,yes,-0.069,14,5,,
2012,HI,yes,0.151,2,2,,
2012,IA,yes,-0.031,4,2,,
2012,ID,yes,-0.177,2,0,,
2012,IL,yes,0.058,18,12,,
2012,IN,yes,-0.194,9,2,,
2012,KS,yes,-0.220,4,0,,
2012,KY,yes,-0.133,6,1,,
2012,LA,yes,-0.131,6,1,,
2012,MA,yes,0.135,9,9,,
2012,MD,yes,0.066,8,7,,
2012,ME,yes,0.267,2,2,,
2012,MI,yes,-0.197,14,5,,
2012,MN,yes,0.013,8,5,,
2012,MO,yes,-0.117,8,2,,
2012,MS,yes,-0.135,4,1,,
2012,MT,yes,-0.390,1,0,,
2012,NC,yes,-0.211,13,4,,
2012,ND,yes,-0.363,1,0,,
2012,NE,yes,-0.215,3,0,,
2012,NH,yes,0.455,2,2,,
2012,NJ,yes,-0.112,12,6,,
2012,NM,yes,0.064,3,2,,
2012,NV,yes,0.004,4,2,,
2012,NY,yes,-0.023,27,21,,
2012,OH,yes,-0.223,16,4,,
2012,OK,yes,-0.148,5,0,,
2012,OR,yes,0.151,5,4,,
2012,PA,yes,-0.237,18,5,,
2012,RI,yes,0.321,2,2,,
2012,SC,yes,-0.228,7,1,,
2012,SD,yes,-0.351,1,0,,
2012,TN,yes,-0.057,9,2,,
2012,TX,yes,-0.006,36,12,,
2012,UT,yes,0.083,4,1,,
2012,VA,yes,-0.208,11,3,,
2012,VT,yes,-0.011,1,1,,
2012,WA,yes,0.011,10,6,,
2012,WI,yes,-0.140,8,3,,
2012,WV,yes,0.032,3,1,,
2012,WY,yes,-0.014,1,0,,
2014,AK,,-0.391,1,0,,
2014,AL,,-0.091,7,1,,
2014,AR,,-0.272,4,0,,
2014,AZ,,0.075,9,4,,
2014,CA,,0.097,53,39,,
2014,CO,,-0.038,7,3,,
2014,CT,,0.281,5,5,,
2014,DE,,0.266,1,1,,
2014,FL,,-0.038,27,10,,
2014,GA,,-0.090,14,4,,
2014,HI,,0.176,2,2,,
2014,IA,,-0.172,4,1,,
2014,ID,,-0.236,2,0,,
2014,IL,,0.027,18,10,,
2014,IN,,-0.056,9,2,,
2014,KS,,-0.231,4,0,,
2014,KY,,-0.062,6,1,,
2014,LA,,-0.001,6,1,,
2014,MA,,0.203,9,9,,
2014,MD,,0.212,8,7,,
2014,ME,,-0.145,2,1,,
2014,MI,,-0.160,14,5,,
2014,MN,,0.114,8,5,,
2014,MO,,-0.010,8,2,,
2014,MS,,-0.051,4,1,,
2014,MT,,-0.343,1,0,,
2014,NC,,-0.196,13,3,,
2014,ND,,-0.319,1,0,,
2014,NE,,0.129,3,1,,
2014,NH,,-0.031,2,1,,
2014,NJ,,-0.026,12,6,,
2014,NM,,0.107,3,2,,
2014,NV,,-0.066,4,1,,
2014,NY,,0.039,27,18,,
2014,OH,,-0.082,16,4,,
2014,OK,,-0.057,5,0,,
2014,OR,,0.157,5,4,,
2014,PA,,-0.151,18,5,,
2014,RI,,0.278,2,2,,
2014,SC,,-0.173,7,1,,
2014,SD,,-0.169,1,0,,
2014,TN,,0.005,9,2,,
2014,TX,,0.056,36,11,,
2014,UT,,-0.187,4,0,,
2014,VA,,-0.129,11,3,,
2014,VT,,0.150,1,1,,
2014,WA,,0.015,10,6,,
2014,WI,,-0.069,8,3,,
2014,WV,,-0.358,3,0,,
2014,WY,,-0.001,1,0,,
2016,AK,,-0.334,1,0,,
2016,AL,,-0.097,7,1,,
2016,AR,,-0.140,4,0,,
2016,AZ,,0.029,9,4,,
2016,CA,,-0.012,53,39,,
2016,CO,,-0.062,7,3,,
2016,CT,,0.221,5,5,,
2016,DE,,0.349,1,1,,
2016,FL,yes,-0.029,27,11,,
2016,GA,,-0.100,14,4,,
2016,HI,,-0.074,2,2,,
2016,IA,,-0.191,4,1,,
2016,ID,,-0.137,2,0,,
2016,IL,,0.018,18,11,,
2016,IN,,-0.072,9,2,,
2016,KS,,-0.218,4,0,,
2016,KY,,-0.032,6,1,,
2016,LA,,0.031,6,1,,
2016,MA,,0.084,9,9,,
2016,MD,,0.116,8,7,,
2016,ME,,-0.039,2,1,,
2016,MI,,-0.132,14,5,,
2016,MN,,0.089,8,5,,
2016,MO,,-0.038,8,2,,
2016,MS,,-0.035,4,1,,
2016,MT,,-0.338,1,0,,
2016,NC,yes,-0.203,13,3,,
2016,ND,,-0.011,1,0,,
2016,NE,,-0.205,3,0,,
2016,NH,,0.469,2,2,,
2016,NJ,,0.001,12,7,,
2016,NM,,0.046,3,2,,
2016,NV,,0.240,4,3,,
2016,NY,,-0.063,27,18,,
2016,OH,,-0.087,16,4,,
2016,OK,,-0.079,5,0,,
2016,OR,,0.177,5,4,,
2016,PA,,-0.189,18,5,,
2016,RI,,0.198,2,2,,
2016,SC,,-0.154,7,1,,
2016,SD,,-0.218,1,0,,
2016,TN,,0.017,9,2,,
2016,TX,,-0.038,36,11,,
2016,UT,,-0.168,4,0,,
2016,VA,yes,-0.106,11,4,,
2016,VT,,0.058,1,1,,
2016,WA,,-0.013,10,6,,
2016,WI,,-0.057,8,3,,
2016,WV,,-0.171,3,0,,
2016,WY,,-0.152,1,0,,
2018,AK,,-0.434,1,0,,
2018,AL,,-0.155,7,1,,
2018,AR,,-0.220,4,0,,
2018,AZ,,0.048,9,5,,
2018,CA,,0.057,53,46,,
2018,CO,,-0.037,7,4,,
2018,CT,,0.253,5,5,,
2018,DE,,0.211,1,1,,
2018,FL,,-0.014,27,13,,
2018,GA,,-0.112,14,5,,
2018,HI,,-0.034,2,2,,
2018,IA,,0.209,4,3,,
2018,ID,,-0.221,2,0,,
2018,IL,,0.000,18,13,,
2018,IN,,-0.168,9,2,,
2018,KS,,-0.154,4,1,,
2018,KY,,-0.125,6,1,,
2018,LA,,-0.097,6,1,,
2018,MA,,0.114,9,9,,
2018,MD,,0.037,8,7,,
2018,ME,,0.348,2,2,,
2018,MI,,-0.074,14,7,,
2018,MN,,0.015,8,5,,
2018,MO,,-0.122,8,2,,
2018,MS,,-0.084,4,1,,
2018,MT,,-0.452,1,0,,
2018,NC,,-0.279,13,3,,
2018,ND,,-0.178,1,0,,
2018,NE,,-0.259,3,0,,
2018,NH,,0.389,2,2,,
2018,NJ,,0.201,12,11,,
2018,NM,,0.292,3,3,,
2018,NV,,0.195,4,3,,
2018,NY,,-0.036,27,21,,
2018,OH,,-0.202,16,4,,
2018,OK,,-0.039,5,1,,
2018,OR,,0.097,5,4,,
2018,PA,yes,-0.080,18,9,,
2018,RI,,0.197,2,2,,
2018,SC,,-0.114,7,2,,
2018,SD,,-0.248,1,0,,
2018,TN,,-0.074,9,2,,
2018,TX,,-0.080,36,13,,
2018,UT,,-0.005,4,1,,
2018,VA,,0.027,11,7,,
2018,VT,,0.045,1,1,,
2018,WA,,0.002,10,7,,
2018,WI,,-0.174,8,3,,
2018,WV,,-0.321,3,0,,
2018,WY,,-0.138,1,0,,
2020,AK,,-0.408,1,0,,
2020,AL,,-0.101,7,1,,
2020,AR,,-0.176,4,0,,
2020,AZ,,0.058,9,5,,
2020,CA,,0.018,53,42,,
2020,CO,,-0.027,7,4,,
2020,CT,,0.283,5,5,,
2020,DE,,0.322,1,1,,
2020,FL,,-0.050,27,11,,
2020,GA,,-0.052,14,6,,
2020,HI,,0.109,2,2,,
2020,IA,,-0.190,4,1,,
2020,ID,,-0.126,2,0,,
2020,IL,,0.083,18,13,,
2020,IN,,-0.092,9,2,,
2020,KS,,-0.086,4,1,,
2020,KY,,-0.034,6,1,,
2020,LA,,-0.071,6,1,,
2020,MA,,0.142,9,9,,
2020,MD,,0.074,8,7,,
2020,ME,,0.341,2,2,,
2020,MI,,-0.013,14,7,,
2020,MN,,-0.026,8,4,,
2020,MO,,-0.059,8,2,,
2020,MS,,-0.044,4,1,,
2020,MT,,-0.372,1,0,,
2020,NC,yes,-0.088,13,5,,
2020,ND,,-0.071,1,0,,
2020,NE,,-0.216,3,0,,
2020,NH,,0.422,2,2,,
2020,NJ,,0.174,12,10,,
2020,NM,,0.069,3,2,,
2020,NV,,0.226,4,3,,
2020,NY,,-0.042,27,19,,
2020,OH,,-0.110,16,4,,
2020,OK,,-0.126,5,0,,
2020,OR,,0.159,5,4,,
2020,PA,,0.013,18,9,,
2020,RI,,0.261,2,2,,
2020,SC,,-0.222,7,1,,
2020,SD,,-0.170,1,0,,
2020,TN,,-0.025,9,2,,
2020,TX,,-0.044,36,13,,
2020,UT,,-0.234,4,0,,
2020,VA,,0.060,11,7,,
2020,VT,,0.073,1,1,,
2020,WA,,0.059,10,7,,
2020,WI,,-0.096,8,3,,
2020,WV,,-0.149,3,0,,
2020,WY,,-0.028,1,0,,
2022,AK,yes,0.401,1,1,,
2022,AL,yes,-0.006,7,1,,
2022,AR,yes,-0.125,4,0,,
2022,AZ,yes,-0.088,9,3,,
2022,CA,yes,0.051,52,40,,
2022,CO,yes,-0.005,8,5,,
2022,CT,yes,0.344,5,5,,
2022,DE,yes,0.373,1,1,,
2022,FL,yes,-0.055,28,8,,
2022,GA,yes,-0.097,14,5,,
2022,HI,yes,0.127,2,2,,
2022,IA,yes,-0.374,4,0,,
2022,ID,yes,-0.128,2,0,,
2022,IL,yes,0.212,17,14,,
2022,IN,yes,-0.063,9,2,,
2022,KS,yes,-0.105,4,1,,
2022,KY,yes,-0.013,6,1,,
2022,LA,yes,-0.026,6,1,,
2022,MA,yes,0.168,9,9,,
2022,MD,yes,0.072,8,7,,
2022,ME,yes,0.334,2,2,,
2022,MI,yes,0.015,13,7,,
2022,MN,yes,-0.020,8,4,,
2022,MO,yes,-0.037,8,2,,
2022,MS,yes,0.038,4,1,,
2022,MT,yes,-0.286,2,0,,
2022,NC,yes,0.043,14,7,,
2022,ND,yes,-0.081,1,0,,
2022,NE,yes,-0.225,3,0,,
2022,NH,yes,0.401,2,2,,
2022,NJ,yes,0.153,12,9,,
2022,NM,yes,0.399,3,3,,
2022,NV,yes,0.285,4,3,,
2022,NY,yes,-0.032,26,15,,
2022,OH,yes,-0.037,15,5,,
2022,OK,yes,-0.139,5,0,,
2022,OR,yes,0.080,6,4,,
2022,PA,yes,0.049,17,9,,
2022,RI,yes,0.353,2,2,,
2022,SC,yes,-0.149,7,1,,
2022,SD,yes,-0.138,1,0,,
2022,TN,yes,-0.081,9,1,,
2022,TX,yes,-0.022,38,13,,
2022,UT,yes,-0.175,4,0,,
2022,VA,yes,0.009,11,6,,
2022,VT,yes,0.115,1,1,,
2022,WA,yes,0.138,10,8,,
2022,WI,yes,-0.228,8,2,,
2022,WV,yes,-0.148,2,0,,
2022,WY,yes,-0.027,1,0,,
2024,AK,,-0.476,1,0,,
2024,AL,yes,0.098,7,2,,
2024,AR,,-0.139,4,0,,
2024,AZ,,-0.127,9,3,,
2024,CA,,0.120,52,43,,
2024,CO,,-0.121,8,4,,
2024,CT,,0.314,5,5,,
2024,DE,,0.343,1,1,,
2024,FL,,-0.072,28,8,,
2024,GA,yes,-0.091,14,5,,
2024,HI,,0.095,2,2,,
2024,IA,,-0.370,4,0,,
2024,ID,,-0.093,2,0,,
2024,IL,,0.205,17,14,,
2024,IN,,-0.074,9,2,,
2024,KS,,-0.074,4,1,,
2024,KY,,0.008,6,1,,
2024,LA,,0.098,6,2,,
2024,MA,yes,0.175,9,9,,
2024,MD,,0.081,8,7,,
2024,ME,,0.380,2,2,,
2024,MI,,-0.026,13,6,,
2024,MN,,-0.009,8,4,,
2024,MO,,-0.044,8,2,,
2024,MS,,0.002,4,1,,
2024,MT,,-0.308,2,0,,
2024,NC,yes,-0.174,14,4,,
2024,ND,,-0.110,1,0,,
2024,NE,,-0.228,3,0,,
2024,NH,,0.430,2,2,,
2024,NJ,,0.177,12,9,,
2024,NM,,0.399,3,3,,
2024,NV,,0.261,4,3,,
2024,NY,yes,0.083,26,19,,
2024,OH,,-0.035,15,5,,
2024,OK,,-0.118,5,0,,
2024,OR,,0.217,6,5,,
2024,PA,,-0.054,17,7,,
2024,RI,,0.262,2,2,,
2024,SC,,-0.148,7,1,,
2024,SD,,-0.059,1,0,,
2024,TN,,-0.072,9,1,,
2024,TX,,-0.002,38,13,,
2024,UT,,-0.182,4,0,,
2024,VA,,0.007,11,6,,
2024,VT,,0.147,1,1,,
2024,WA,,0.133,10,8,,
2024,WI,,-0.220,8,2,,
2024,WV,,-0.076,2,0,,
2024,WY,,0.005,1,0,,
2026,AK,,-0.476,1,0.0,,
2026,AL,yes,-0.045,7,1.13,https://planscore.org/plan.html?20260606T031214.958087727Z,"[[0.0,0.336,323961],[0.134,0.464,289869],[0.0,0.261,312922],[0.0,0.169,320563],[0.0,0.343,347243],[0.0,0.318,343551],[1.0,0.614,296918]]"
2026,AR,,-0.139,4,0.0,,
2026,AZ,,-0.127,9,3.0,,
2026,CA,yes,0.156,52,44.29,https://planscore.org/plan.html?20260625T221859.994065774Z,"[[0.887,0.542,330602],[1.0,0.626,376965],[0.924,0.549,351664],[0.98,0.573,334821],[0.0,0.373,353813],[0.828,0.531,324408],[0.965,0.564,337921],[1.0,0.673,302539],[0.951,0.554,259955],[1.0,0.671,365084],[1.0,0.841,346331],[1.0,0.886,303003],[0.487,0.498,202242],[1.0,0.668,274162],[1.0,0.746,294958],[1.0,0.745,328025],[1.0,0.703,252812],[1.0,0.643,230265],[1.0,0.674,362806],[0.0,0.313,307802],[0.806,0.528,196358],[0.181,0.47,166696],[0.002,0.378,269498],[1.0,0.627,340525],[0.777,0.528,264086],[0.975,0.567,333573],[0.899,0.546,286980],[1.0,0.627,315922],[1.0,0.671,231623],[1.0,0.706,329715],[0.959,0.557,283088],[1.0,0.628,349419],[0.919,0.547,241122],[1.0,0.761,204823],[0.853,0.536,252076],[1.0,0.7,373015],[1.0,0.807,227897],[0.94,0.551,252923],[0.91,0.545,228368],[0.008,0.415,369690],[0.982,0.569,301446],[0.973,0.564,338636],[1.0,0.749,216224],[1.0,0.68,212796],[0.679,0.517,291841],[0.99,0.581,220366],[0.923,0.549,344477],[0.559,0.505,320108],[0.946,0.559,375145],[0.994,0.592,361335],[0.998,0.591,345172],[0.995,0.588,265464]]"
2026,CO,,-0.121,8,4.0,,
2026,CT,,0.314,5,5.0,,
2026,DE,,0.343,1,1.0,,
2026,FL,yes,-0.188,28,4.57,https://planscore.org/plan.html?20260625T044845.013944207Z,"[[0.0,0.293,416302],[0.002,0.408,407444],[0.0,0.372,395477],[0.008,0.419,393192],[0.0,0.372,431904],[0.0,0.328,437914],[0.005,0.416,422170],[0.003,0.396,425598],[0.014,0.426,370927],[1.0,0.636,294836],[0.0,0.4,444919],[0.007,0.42,378926],[0.009,0.409,403590],[0.135,0.463,383647],[0.0,0.379,393983],[0.015,0.427,427794],[0.0,0.37,448433],[0.0,0.392,367552],[0.0,0.345,419712],[1.0,0.701,321714],[0.006,0.397,446773],[0.158,0.465,383109],[0.992,0.585,336281],[1.0,0.71,275341],[0.203,0.472,373816],[0.0,0.387,323722],[0.014,0.423,334573],[0.0,0.351,333512]]"
2026,GA,,-0.091,14,5.0,,
2026,HI,,0.095,2,2.0,,
2026,IA,,-0.37,4,0.0,,
2026,ID,,-0.093,2,0.0,,
2026,IL,,0.205,17,14.0,,
2026,IN,,-0.074,9,2.0,,
2026,KS,,-0.074,4,1.0,,
2026,KY,,0.008,6,1.0,,
2026,LA,yes,-0.067,6,1.0,https://planscore.org/plan.html?20260722T040207.047514951Z,"[[0.0,0.256,354186],[1.0,0.783,307538],[0.0,0.267,334036],[0.0,0.279,315635],[0.0,0.28,316944],[0.001,0.367,347036]]"
2026,MA,,0.175,9,9.0,,
2026,MD,,0.081,8,7.0,,
2026,ME,,0.38,2,2.0,,
2026,MI,,-0.026,13,6.0,,
2026,MN,,-0.009,8,4.0,,
2026,MO,yes,-0.167,8,1.03,https://planscore.org/plan.html?20260403T032456.308542122Z,"[[1.0,0.798,310717],[0.01,0.424,415798],[0.0,0.38,400723],[0.0,0.375,391097],[0.023,0.424,327699],[0.0,0.365,371821],[0.0,0.27,370939],[0.0,0.214,363791]]"
2026,MS,yes,0.002,4,1.0,,
2026,MT,,-0.308,2,0.0,,
2026,NC,yes,-0.227,14,3.35,https://planscore.org/plan.html?20260311T002742.960329233Z,"[[0.244,0.477,412424],[1.0,0.685,403685],[0.012,0.423,342337],[1.0,0.737,427800],[0.003,0.406,403093],[0.008,0.408,385622],[0.009,0.424,437996],[0.001,0.397,404040],[0.005,0.412,377628],[0.004,0.405,410898],[0.051,0.443,433922],[1.0,0.741,346755],[0.007,0.409,419635],[0.01,0.416,403525]]"
2026,ND,,-0.11,1,0.0,,
2026,NE,,-0.228,3,0.0,,
2026,NH,,0.43,2,2.0,,
2026,NJ,,0.177,12,9.0,,
2026,NM,,0.399,3,3.0,,
2026,NV,,0.261,4,3.0,,
2026,NY,,0.083,26,19.0,,
2026,OH,yes,-0.092,15,4.12,https://planscore.org/plan.html?20260311T002900.522815984Z,"[[0.787,0.529,393485],[0.0,0.268,373151],[1.0,0.721,354655],[0.0,0.265,392876],[0.0,0.351,383976],[0.0,0.301,362583],[0.004,0.408,422483],[0.001,0.386,398786],[0.37,0.491,377563],[0.013,0.422,375479],[1.0,0.788,318226],[0.0,0.321,406615],[0.934,0.553,386790],[0.0,0.364,410012],[0.007,0.412,357133]]"
2026,OK,,-0.118,5,0.0,,
2026,OR,,0.217,6,5.0,,
2026,PA,,-0.054,17,7.0,,
2026,RI,,0.262,2,2.0,,
2026,SC,,-0.148,7,1.0,,
2026,SD,,-0.059,1,0.0,,
2026,TN,yes,-0.179,9,0.01,https://planscore.org/plan.html?20260722T040258.939269768Z,"[[0.0,0.193,344753],[0.0,0.314,361737],[0.0,0.303,358421],[0.0,0.364,300314],[0.0,0.369,309854],[0.0,0.364,368161],[0.0,0.372,356422],[0.001,0.382,316795],[0.008,0.414,317646]]"
2026,TX,yes,-0.131,38,8.41,https://planscore.org/plan.html?20260701T173616.046048486Z,"[[0.0,0.231,322789],[0.0,0.39,324879],[0.0,0.363,360471],[0.0,0.358,359800],[0.0,0.376,289675],[0.0,0.367,305093],[1.0,0.647,243178],[0.0,0.371,307201],[0.009,0.423,206561],[0.0,0.385,348072],[0.0,0.308,288718],[0.0,0.363,310418],[0.0,0.245,300574],[0.0,0.339,319160],[0.001,0.395,225827],[0.999,0.603,228701],[0.0,0.377,315012],[1.0,0.8,256659],[0.0,0.234,279570],[1.0,0.667,223891],[0.002,0.389,409493],[0.001,0.395,335361],[0.017,0.425,312690],[0.003,0.404,366050],[0.0,0.363,305656],[0.0,0.363,382101],[0.001,0.375,319985],[0.157,0.465,197404],[1.0,0.679,177312],[1.0,0.75,240014],[0.0,0.37,346093],[0.007,0.412,316848],[1.0,0.673,204530],[0.153,0.466,238229],[0.057,0.447,298179],[0.0,0.313,297228],[1.0,0.797,320120],[0.001,0.395,344997]]"
2026,UT,yes,-0.025,4,1.0,https://planscore.org/plan.html?20260625T044416.290670760Z,"[[0.996,0.596,317805],[0.0,0.35,356976],[0.0,0.3,376228],[0.0,0.336,393802]]"
2026,VA,,0.007,11,6.0,,
2026,VT,,0.147,1,1.0,,
2026,WA,,0.133,10,8.0,,
2026,WI,,-0.22,8,2.0,,
2026,WV,,-0.076,2,0.0,,
2026,WY,,0.005,1,0.0,,
predict12D,AK,,-0.046,1,0.44,https://planscore.org/plan.html?20260606T031915.160920114Z,
predict12D,AL,yes,-0.062,7,1.83,https://planscore.org/plan.html?20260606T032015.419716198Z,
predict12D,AR,,-0.235,4,0.17,https://planscore.org/plan.html?20260308T032943.632471812Z,
predict12D,AZ,,0.03,9,5.31,https://planscore.org/plan.html?20260722T235722.249884409Z,
predict12D,CA,yes,0.112,52,48.18,https://planscore.org/plan.html?20260625T222408.179508987Z,
predict12D,CO,,0.053,8,6.21,https://planscore.org/plan.html?20260701T174035.344461169Z,
predict12D,CT,,0.169,5,5.0,https://planscore.org/plan.html?20260625T045451.245141348Z,
predict12D,DE,,0.177,1,1.0,https://planscore.org/plan.html?20260722T040507.422915984Z,
predict12D,FL,yes,-0.128,28,9.83,https://planscore.org/plan.html?20260625T045637.911428564Z,
predict12D,GA,,-0.162,14,5.82,https://planscore.org/plan.html?20260625T045803.310779195Z,
predict12D,HI,,0.048,2,2.0,https://planscore.org/plan.html?20260606T032109.524721836Z,
predict12D,IA,,0.099,4,2.46,https://planscore.org/plan.html?20260319T164607.461650692Z,
predict12D,ID,,-0.249,2,0.02,https://planscore.org/plan.html?20260308T032221.878207405Z,
predict12D,IL,,0.091,17,14.01,https://planscore.org/plan.html?20260308T033530.204424658Z,
predict12D,IN,,-0.176,9,2.2,https://planscore.org/plan.html?20260305T214819.533694785Z,
predict12D,KS,,-0.185,4,1.15,https://planscore.org/plan.html?20260606T032212.249396018Z,
predict12D,KY,,-0.051,6,1.53,https://planscore.org/plan.html?20260308T033656.780968917Z,
predict12D,LA,yes,-0.172,6,1.03,https://planscore.org/plan.html?20260722T040630.801946427Z,
predict12D,MA,,0.056,9,9.0,https://planscore.org/plan.html?20260308T033836.806544966Z,
predict12D,MD,,-0.013,8,7.17,https://planscore.org/plan.html?20260311T231923.625319831Z,
predict12D,ME,,0.189,2,1.84,https://planscore.org/plan.html?20260319T164724.171744352Z,
predict12D,MI,,0.039,13,8.55,https://planscore.org/plan.html?20260805T151851.792518755Z,
predict12D,MN,,-0.054,8,4.88,https://planscore.org/plan.html?20260606T032325.122532566Z,
predict12D,MO,yes,-0.179,8,1.89,https://planscore.org/plan.html?20260403T032827.106059617Z,
predict12D,MS,yes,-0.108,4,1.0,https://planscore.org/plan.html?20260308T034236.209988443Z,
predict12D,MT,,-0.078,2,0.72,https://planscore.org/plan.html?20260311T001946.687370578Z,
predict12D,NC,yes,-0.107,14,6.8,https://planscore.org/plan.html?20260311T232037.588790001Z,
predict12D,ND,,-0.215,1,0.0,https://planscore.org/plan.html?20260411T005754.437944727Z,
predict12D,NE,,0.034,3,1.26,https://planscore.org/plan.html?20260305T214956.680808956Z,
predict12D,NH,,0.301,2,1.99,https://planscore.org/plan.html?20260625T045937.926192674Z,
predict12D,NJ,,0.139,12,10.04,https://planscore.org/plan.html?20260625T050050.942215821Z,
predict12D,NM,,0.257,3,3.0,https://planscore.org/plan.html?20260305T215032.802736256Z,
predict12D,NV,,0.225,4,3.39,https://planscore.org/plan.html?20260319T164840.356252097Z,
predict12D,NY,,0.032,26,20.62,https://planscore.org/plan.html?20260625T050228.404930179Z,
predict12D,OH,yes,-0.093,15,5.92,https://planscore.org/plan.html?20260311T232154.397143029Z,
predict12D,OK,,-0.215,5,0.14,https://planscore.org/plan.html?20260411T010051.007953978Z,
predict12D,OR,,0.045,6,5.0,https://planscore.org/plan.html?20260311T232235.804193670Z,
predict12D,PA,,-0.009,17,10.17,https://planscore.org/plan.html?20260319T165017.221311090Z,
predict12D,RI,,0.193,2,2.0,https://planscore.org/plan.html?20260625T222627.091092321Z,
predict12D,SC,,-0.154,7,1.98,https://planscore.org/plan.html?20260403T033102.501218301Z,
predict12D,SD,,-0.29,1,0.01,https://planscore.org/plan.html?20260403T033159.651160820Z,
predict12D,TN,yes,-0.255,9,0.42,https://planscore.org/plan.html?20260722T040838.924555786Z,
predict12D,TX,yes,-0.149,38,12.36,https://planscore.org/plan.html?20260701T174425.880039542Z,
predict12D,UT,yes,-0.145,4,1.01,https://planscore.org/plan.html?20260625T050647.040421058Z,
predict12D,VA,,0.061,11,7.94,https://planscore.org/plan.html?20260805T152106.177293266Z,
predict12D,VT,,-0.013,1,1.0,https://planscore.org/plan.html?20260606T032606.069906019Z,
predict12D,WA,,0.022,10,8.26,https://planscore.org/plan.html?20260805T152221.682119275Z,
predict12D,WI,,-0.153,8,3.41,https://planscore.org/plan.html?20260606T032808.420626567Z,
predict12D,WV,,-0.265,2,0.0,https://planscore.org/plan.html?20260305T215436.106413685Z,
predict12D,WY,,-0.129,1,0.0,https://planscore.org/plan.html?20260606T032858.307282147Z,
predict11D,AK,,-0.088,1,0.39,https://planscore.org/plan.html?20260606T031915.355943446Z,
predict11D,AL,yes,-0.06,7,1.77,https://planscore.org/plan.html?20260606T032014.041990836Z,
predict11D,AR,,-0.236,4,0.12,https://planscore.org/plan.html?20260308T032944.667521855Z,
predict11D,AZ,,0.02,9,5.13,https://planscore.org/plan.html?20260722T235722.713219455Z,
predict11D,CA,yes,0.119,52,48.02,https://planscore.org/plan.html?20260625T222407.250801859Z,
predict11D,CO,,0.038,8,6.01,https://planscore.org/plan.html?20260701T174035.968778508Z,
predict11D,CT,,0.179,5,5.0,https://planscore.org/plan.html?20260625T045451.454010204Z,
predict11D,DE,,0.187,1,1.0,https://planscore.org/plan.html?20260722T040507.605603985Z,
predict11D,FL,yes,-0.145,28,9.06,https://planscore.org/plan.html?20260625T045636.838521789Z,
predict11D,GA,,-0.164,14,5.66,https://planscore.org/plan.html?20260625T045802.709484083Z,
predict11D,HI,,0.058,2,2.0,https://planscore.org/plan.html?20260606T032109.552265441Z,
predict11D,IA,,0.074,4,2.31,https://planscore.org/plan.html?20260319T164607.646358963Z,
predict11D,ID,,-0.241,2,0.01,https://planscore.org/plan.html?20260308T032220.844078160Z,
predict11D,IL,,0.099,17,14.0,https://planscore.org/plan.html?20260308T033527.524496247Z,
predict11D,IN,,-0.172,9,2.15,https://planscore.org/plan.html?20260305T214818.222123684Z,
predict11D,KS,,-0.185,4,1.11,https://planscore.org/plan.html?20260606T032212.780789529Z,
predict11D,KY,,-0.052,6,1.46,https://planscore.org/plan.html?20260308T033655.037901438Z,
predict11D,LA,yes,-0.164,6,1.02,https://planscore.org/plan.html?20260722T040630.558904610Z,
predict11D,MA,,0.065,9,9.0,https://planscore.org/plan.html?20260308T033834.565450756Z,
predict11D,MD,,-0.009,8,7.12,https://planscore.org/plan.html?20260311T231924.455947983Z,
predict11D,ME,,0.174,2,1.79,https://planscore.org/plan.html?20260319T164724.546451439Z,
predict11D,MI,,0.038,13,8.4,https://planscore.org/plan.html?20260805T151851.197556976Z,
predict11D,MN,,-0.061,8,4.74,https://planscore.org/plan.html?20260606T032325.722213850Z,
predict11D,MO,yes,-0.188,8,1.73,https://planscore.org/plan.html?20260403T032818.063274150Z,
predict11D,MS,yes,-0.099,4,1.0,https://planscore.org/plan.html?20260308T034234.300520131Z,
predict11D,MT,,-0.1,2,0.65,https://planscore.org/plan.html?20260311T001946.545404990Z,
predict11D,NC,yes,-0.135,14,6.25,https://planscore.org/plan.html?20260311T232037.342761615Z,
predict11D,ND,,-0.205,1,0.0,https://planscore.org/plan.html?20260411T005754.814173850Z,
predict11D,NE,,0.031,3,1.22,https://planscore.org/plan.html?20260305T214956.169511207Z,
predict11D,NH,,0.311,2,1.99,https://planscore.org/plan.html?20260625T045936.832590325Z,
predict11D,NJ,,0.141,12,9.95,https://planscore.org/plan.html?20260625T050049.646543175Z,
predict11D,NM,,0.266,3,2.99,https://planscore.org/plan.html?20260305T215031.824747290Z,
predict11D,NV,,0.222,4,3.33,https://planscore.org/plan.html?20260319T164841.062446677Z,
predict11D,NY,,0.035,26,20.45,https://planscore.org/plan.html?20260625T050226.459973403Z,
predict11D,OH,yes,-0.098,15,5.71,https://planscore.org/plan.html?20260311T232154.706240851Z,
predict11D,OK,,-0.211,5,0.11,https://planscore.org/plan.html?20260411T010047.434952982Z,
predict11D,OR,,0.054,6,5.0,https://planscore.org/plan.html?20260311T232233.116206859Z,
predict11D,PA,,-0.011,17,9.95,https://planscore.org/plan.html?20260319T165017.597996014Z,
predict11D,RI,,0.203,2,2.0,https://planscore.org/plan.html?20260625T222626.679680043Z,
predict11D,SC,,-0.166,7,1.83,https://planscore.org/plan.html?20260403T033102.608575397Z,
predict11D,SD,,-0.283,1,0.01,https://planscore.org/plan.html?20260403T033149.618742384Z,
predict11D,TN,yes,-0.254,9,0.33,https://planscore.org/plan.html?20260722T040836.499962413Z,
predict11D,TX,yes,-0.154,38,11.76,https://planscore.org/plan.html?20260701T174425.452168574Z,
predict11D,UT,yes,-0.136,4,1.0,https://planscore.org/plan.html?20260625T050646.646630241Z,
predict11D,VA,,0.056,11,7.77,https://planscore.org/plan.html?20260805T152106.775491731Z,
predict11D,VT,,-0.005,1,1.0,https://planscore.org/plan.html?20260606T032606.344306190Z,
predict11D,WA,,0.022,10,8.17,https://planscore.org/plan.html?20260805T152220.833739017Z,
predict11D,WI,,-0.166,8,3.23,https://planscore.org/plan.html?20260606T032759.318172700Z,
predict11D,WV,,-0.255,2,0.0,https://planscore.org/plan.html?20260305T215436.434662912Z,
predict11D,WY,,-0.119,1,0.0,https://planscore.org/plan.html?20260606T032858.888729034Z,
predict10D,AK,,-0.133,1,0.34,https://planscore.org/plan.html?20260606T031915.970308910Z,
predict10D,AL,yes,-0.057,7,1.72,https://planscore.org/plan.html?20260606T032014.678131116Z,
predict10D,AR,,-0.233,4,0.09,https://planscore.org/plan.html?20260308T032940.838275478Z,
predict10D,AZ,,0.013,9,4.97,https://planscore.org/plan.html?20260722T235722.463567795Z,
predict10D,CA,yes,0.126,52,47.88,https://planscore.org/plan.html?20260625T222407.338521039Z,
predict10D,CO,,0.025,8,5.82,https://planscore.org/plan.html?20260701T174035.631464245Z,
predict10D,CT,,0.19,5,5.0,https://planscore.org/plan.html?20260625T045452.706054699Z,
predict10D,DE,,0.197,1,1.0,https://planscore.org/plan.html?20260722T040507.964369410Z,
predict10D,FL,yes,-0.157,28,8.42,https://planscore.org/plan.html?20260625T045635.480903338Z,
predict10D,GA,,-0.165,14,5.5,https://planscore.org/plan.html?20260625T045802.469186079Z,
predict10D,HI,,0.066,2,2.0,https://planscore.org/plan.html?20260606T032109.674765459Z,
predict10D,IA,,0.052,4,2.18,https://planscore.org/plan.html?20260319T164607.138638431Z,
predict10D,ID,,-0.234,2,0.01,https://planscore.org/plan.html?20260308T032220.587822532Z,
predict10D,IL,,0.108,17,13.99,https://planscore.org/plan.html?20260308T033526.101434414Z,
predict10D,IN,,-0.167,9,2.1,https://planscore.org/plan.html?20260305T214818.062106154Z,
predict10D,KS,,-0.181,4,1.08,https://planscore.org/plan.html?20260606T032212.101823711Z,
predict10D,KY,,-0.056,6,1.38,https://planscore.org/plan.html?20260308T033653.018557320Z,
predict10D,LA,yes,-0.155,6,1.02,https://planscore.org/plan.html?20260722T040630.198353199Z,
predict10D,MA,,0.074,9,9.0,https://planscore.org/plan.html?20260308T033834.939121283Z,
predict10D,MD,,-0.004,8,7.1,https://planscore.org/plan.html?20260311T231923.454380649Z,
predict10D,ME,,0.161,2,1.75,https://planscore.org/plan.html?20260319T164724.478499668Z,
predict10D,MI,,0.037,13,8.26,https://planscore.org/plan.html?20260805T151851.807194521Z,
predict10D,MN,,-0.069,8,4.59,https://planscore.org/plan.html?20260606T032325.613912382Z,
predict10D,MO,yes,-0.199,8,1.57,https://planscore.org/plan.html?20260403T032818.936530449Z,
predict10D,MS,yes,-0.089,4,1.0,https://planscore.org/plan.html?20260308T034234.991593655Z,
predict10D,MT,,-0.118,2,0.59,https://planscore.org/plan.html?20260311T001946.793248407Z,
predict10D,NC,yes,-0.158,14,5.79,https://planscore.org/plan.html?20260311T232037.292590932Z,
predict10D,ND,,-0.195,1,0.0,https://planscore.org/plan.html?20260411T005754.878725296Z,
predict10D,NE,,0.024,3,1.17,https://planscore.org/plan.html?20260305T214956.860840282Z,
predict10D,NH,,0.319,2,1.98,https://planscore.org/plan.html?20260625T045937.535231132Z,
predict10D,NJ,,0.143,12,9.85,https://planscore.org/plan.html?20260625T050047.558127907Z,
predict10D,NM,,0.276,3,2.99,https://planscore.org/plan.html?20260305T215030.407924748Z,
predict10D,NV,,0.209,4,3.24,https://planscore.org/plan.html?20260319T164841.815713727Z,
predict10D,NY,,0.038,26,20.27,https://planscore.org/plan.html?20260625T050225.556096013Z,
predict10D,OH,yes,-0.1,15,5.51,https://planscore.org/plan.html?20260311T232153.142032178Z,
predict10D,OK,,-0.207,5,0.07,https://planscore.org/plan.html?20260411T010047.799058739Z,
predict10D,OR,,0.064,6,5.0,https://planscore.org/plan.html?20260311T232232.661845743Z,
predict10D,PA,,-0.017,17,9.69,https://planscore.org/plan.html?20260319T165016.356325083Z,
predict10D,RI,,0.213,2,2.0,https://planscore.org/plan.html?20260625T222626.640670035Z,
predict10D,SC,,-0.18,7,1.65,https://planscore.org/plan.html?20260403T033101.642510350Z,
predict10D,SD,,-0.275,1,0.01,https://planscore.org/plan.html?20260403T033149.457858115Z,
predict10D,TN,yes,-0.251,9,0.27,https://planscore.org/plan.html?20260722T040833.000272973Z,
predict10D,TX,yes,-0.159,38,11.21,https://planscore.org/plan.html?20260701T174425.503728086Z,
predict10D,UT,yes,-0.125,4,1.0,https://planscore.org/plan.html?20260625T050646.813134052Z,
predict10D,VA,,0.052,11,7.62,https://planscore.org/plan.html?20260805T152237.484369240Z,
predict10D,VT,,0.003,1,1.0,https://planscore.org/plan.html?20260606T032559.046761211Z,
predict10D,WA,,0.025,10,8.1,https://planscore.org/plan.html?20260805T152217.557640560Z,
predict10D,WI,,-0.18,8,3.03,https://planscore.org/plan.html?20260606T032758.693461804Z,
predict10D,WV,,-0.245,2,0.0,https://planscore.org/plan.html?20260305T215436.206834229Z,
predict10D,WY,,-0.109,1,0.0,https://planscore.org/plan.html?20260606T032858.919311318Z,
predict9D,AK,,-0.178,1,0.28,https://planscore.org/plan.html?20260606T031915.344397958Z,
predict9D,AL,yes,-0.058,7,1.65,https://planscore.org/plan.html?20260606T032005.736306368Z,
predict9D,AR,,-0.23,4,0.06,https://planscore.org/plan.html?20260308T032940.762435044Z,
predict9D,AZ,,0.008,9,4.82,https://planscore.org/plan.html?20260722T235722.460839966Z,
predict9D,CA,yes,0.132,52,47.7,https://planscore.org/plan.html?20260625T222407.498537377Z,
predict9D,CO,,0.009,8,5.61,https://planscore.org/plan.html?20260701T174034.305763112Z,
predict9D,CT,,0.199,5,5.0,https://planscore.org/plan.html?20260625T045451.157863433Z,
predict9D,DE,,0.207,1,1.0,https://planscore.org/plan.html?20260722T040507.857721895Z,
predict9D,FL,yes,-0.17,28,7.75,https://planscore.org/plan.html?20260625T045630.645048106Z,
predict9D,GA,,-0.161,14,5.42,https://planscore.org/plan.html?20260625T045752.268127729Z,
predict9D,HI,,0.076,2,2.0,https://planscore.org/plan.html?20260606T032109.000971655Z,
predict9D,IA,,0.016,4,1.99,https://planscore.org/plan.html?20260319T164607.904158386Z,
predict9D,ID,,-0.225,2,0.0,https://planscore.org/plan.html?20260308T032220.207139809Z,
predict9D,IL,,0.118,17,13.98,https://planscore.org/plan.html?20260308T033526.847242209Z,
predict9D,IN,,-0.159,9,2.07,https://planscore.org/plan.html?20260305T214818.525157251Z,
predict9D,KS,,-0.177,4,1.05,https://planscore.org/plan.html?20260606T032212.811942008Z,
predict9D,KY,,-0.056,6,1.32,https://planscore.org/plan.html?20260308T033653.940836555Z,
predict9D,LA,yes,-0.147,6,1.01,https://planscore.org/plan.html?20260722T040630.457585884Z,
predict9D,MA,,0.083,9,9.0,https://planscore.org/plan.html?20260308T033831.485952247Z,
predict9D,MD,,0.0,8,7.06,https://planscore.org/plan.html?20260311T231923.455497643Z,
predict9D,ME,,0.142,2,1.69,https://planscore.org/plan.html?20260319T164714.233452956Z,
predict9D,MI,,0.034,13,8.09,https://planscore.org/plan.html?20260805T151851.137164355Z,
predict9D,MN,,-0.074,8,4.47,https://planscore.org/plan.html?20260606T032325.596608091Z,
predict9D,MO,yes,-0.202,8,1.46,https://planscore.org/plan.html?20260403T032817.094366690Z,
predict9D,MS,yes,-0.08,4,1.0,https://planscore.org/plan.html?20260308T034234.340386319Z,
predict9D,MT,,-0.143,2,0.52,https://planscore.org/plan.html?20260311T001936.674625342Z,
predict9D,NC,yes,-0.178,14,5.35,https://planscore.org/plan.html?20260311T232037.318887525Z,
predict9D,ND,,-0.185,1,0.0,https://planscore.org/plan.html?20260411T005754.910746162Z,
predict9D,NE,,0.019,3,1.12,https://planscore.org/plan.html?20260305T214956.907403255Z,
predict9D,NH,,0.328,2,1.98,https://planscore.org/plan.html?20260625T045937.603842517Z,
predict9D,NJ,,0.145,12,9.74,https://planscore.org/plan.html?20260625T050047.321602209Z,
predict9D,NM,,0.283,3,2.98,https://planscore.org/plan.html?20260305T215030.925455183Z,
predict9D,NV,,0.199,4,3.16,https://planscore.org/plan.html?20260319T164840.537012219Z,
predict9D,NY,,0.041,26,20.1,https://planscore.org/plan.html?20260625T050225.594365197Z,
predict9D,OH,yes,-0.102,15,5.33,https://planscore.org/plan.html?20260311T232153.295422796Z,
predict9D,OK,,-0.201,5,0.06,https://planscore.org/plan.html?20260411T010047.432942887Z,
predict9D,OR,,0.073,6,5.0,https://planscore.org/plan.html?20260311T232232.007791181Z,
predict9D,PA,,-0.02,17,9.46,https://planscore.org/plan.html?20260319T165009.307693341Z,
predict9D,RI,,0.224,2,2.0,https://planscore.org/plan.html?20260625T222626.963462837Z,
predict9D,SC,,-0.186,7,1.54,https://planscore.org/plan.html?20260403T033101.660569838Z,
predict9D,SD,,-0.263,1,0.01,https://planscore.org/plan.html?20260403T033149.680578708Z,
predict9D,TN,yes,-0.247,9,0.21,https://planscore.org/plan.html?20260722T040833.841517548Z,
predict9D,TX,yes,-0.16,38,10.76,https://planscore.org/plan.html?20260701T174425.035423768Z,
predict9D,UT,yes,-0.115,4,1.0,https://planscore.org/plan.html?20260625T050646.984333776Z,
predict9D,VA,,0.046,11,7.45,https://planscore.org/plan.html?20260805T152056.138618558Z,
predict9D,VT,,0.011,1,1.0,https://planscore.org/plan.html?20260606T032557.345666712Z,
predict9D,WA,,0.028,10,8.03,https://planscore.org/plan.html?20260805T152216.551955293Z,
predict9D,WI,,-0.188,8,2.89,https://planscore.org/plan.html?20260606T032758.571714176Z,
predict9D,WV,,-0.235,2,0.0,https://planscore.org/plan.html?20260305T215436.389331901Z,
predict9D,WY,,-0.099,1,0.0,https://planscore.org/plan.html?20260606T032858.981217203Z,
predict8D,AK,,-0.215,1,0.23,https://planscore.org/plan.html?20260606T031915.392410561Z,
predict8D,AL,yes,-0.058,7,1.58,https://planscore.org/plan.html?20260606T032004.764781386Z,
predict8D,AR,,-0.224,4,0.05,https://planscore.org/plan.html?20260308T032938.756725593Z,
predict8D,AZ,,-0.0,9,4.65,https://planscore.org/plan.html?20260722T235722.919735512Z,
predict8D,CA,yes,0.138,52,47.5,https://planscore.org/plan.html?20260625T222406.310521542Z,
predict8D,CO,,-0.007,8,5.41,https://planscore.org/plan.html?20260701T174034.075853385Z,
predict8D,CT,,0.209,5,5.0,https://planscore.org/plan.html?20260625T045451.670591709Z,
predict8D,DE,,0.217,1,1.0,https://planscore.org/plan.html?20260722T040506.789494988Z,
predict8D,FL,yes,-0.179,28,7.2,https://planscore.org/plan.html?20260625T045626.750254723Z,
predict8D,GA,,-0.159,14,5.32,https://planscore.org/plan.html?20260625T045751.135417170Z,
predict8D,HI,,0.084,2,2.0,https://planscore.org/plan.html?20260606T032108.705037237Z,
predict8D,IA,,-0.014,4,1.83,https://planscore.org/plan.html?20260319T164607.846700385Z,
predict8D,ID,,-0.215,2,0.0,https://planscore.org/plan.html?20260308T032220.707932525Z,
predict8D,IL,,0.127,17,13.97,https://planscore.org/plan.html?20260308T033526.881733580Z,
predict8D,IN,,-0.154,9,2.02,https://planscore.org/plan.html?20260305T214818.398370549Z,
predict8D,KS,,-0.173,4,1.03,https://planscore.org/plan.html?20260606T032212.704866622Z,
predict8D,KY,,-0.058,6,1.25,https://planscore.org/plan.html?20260308T033645.750633209Z,
predict8D,LA,yes,-0.138,6,1.0,https://planscore.org/plan.html?20260722T040630.089438376Z,
predict8D,MA,,0.092,9,9.0,https://planscore.org/plan.html?20260308T033830.252581979Z,
predict8D,MD,,0.006,8,7.04,https://planscore.org/plan.html?20260311T231923.074442649Z,
predict8D,ME,,0.124,2,1.63,https://planscore.org/plan.html?20260319T164714.624210617Z,
predict8D,MI,,0.03,13,7.89,https://planscore.org/plan.html?20260805T151850.695068778Z,
predict8D,MN,,-0.077,8,4.37,https://planscore.org/plan.html?20260606T032325.728223489Z,
predict8D,MO,yes,-0.205,8,1.36,https://planscore.org/plan.html?20260403T032807.119012813Z,
predict8D,MS,yes,-0.07,4,1.0,https://planscore.org/plan.html?20260308T034233.580052752Z,
predict8D,MT,,-0.169,2,0.45,https://planscore.org/plan.html?20260311T001935.393177886Z,
predict8D,NC,yes,-0.195,14,4.98,https://planscore.org/plan.html?20260311T232037.014372210Z,
predict8D,ND,,-0.175,1,0.0,https://planscore.org/plan.html?20260411T005754.271559380Z,
predict8D,NE,,0.018,3,1.09,https://planscore.org/plan.html?20260305T214956.370953950Z,
predict8D,NH,,0.335,2,1.97,https://planscore.org/plan.html?20260625T045936.823129951Z,
predict8D,NJ,,0.146,12,9.64,https://planscore.org/plan.html?20260625T050041.925649535Z,
predict8D,NM,,0.291,3,2.97,https://planscore.org/plan.html?20260305T215030.768979349Z,
predict8D,NV,,0.19,4,3.07,https://planscore.org/plan.html?20260319T164840.720241858Z,
predict8D,NY,,0.045,26,19.94,https://planscore.org/plan.html?20260625T050225.628939295Z,
predict8D,OH,yes,-0.1,15,5.2,https://planscore.org/plan.html?20260311T232153.467413011Z,
predict8D,OK,,-0.195,5,0.04,https://planscore.org/plan.html?20260411T010036.187917414Z,
predict8D,OR,,0.083,6,5.0,https://planscore.org/plan.html?20260311T232233.579153020Z,
predict8D,PA,,-0.025,17,9.2,https://planscore.org/plan.html?20260319T165009.365217981Z,
predict8D,RI,,0.234,2,2.0,https://planscore.org/plan.html?20260625T222616.649277578Z,
predict8D,SC,,-0.189,7,1.44,https://planscore.org/plan.html?20260403T033101.335425496Z,
predict8D,SD,,-0.254,1,0.01,https://planscore.org/plan.html?20260403T033149.330402368Z,
predict8D,TN,yes,-0.242,9,0.17,https://planscore.org/plan.html?20260722T040833.992567182Z,
predict8D,TX,yes,-0.161,38,10.33,https://planscore.org/plan.html?20260701T174424.298884360Z,
predict8D,UT,yes,-0.106,4,1.0,https://planscore.org/plan.html?20260625T050645.557395598Z,
predict8D,VA,,0.041,11,7.27,https://planscore.org/plan.html?20260805T152056.317106597Z,
predict8D,VT,,0.019,1,1.0,https://planscore.org/plan.html?20260606T032557.887337220Z,
predict8D,WA,,0.032,10,7.98,https://planscore.org/plan.html?20260805T152159.744461055Z,
predict8D,WI,,-0.198,8,2.73,https://planscore.org/plan.html?20260606T032758.033821783Z,
predict8D,WV,,-0.225,2,0.0,https://planscore.org/plan.html?20260305T215436.347016790Z,
predict8D,WY,,-0.091,1,0.0,https://planscore.org/plan.html?20260606T032856.511379924Z,
predict7D,AK,,-0.255,1,0.18,https://planscore.org/plan.html?20260606T031912.467867786Z,
predict7D,AL,yes,-0.056,7,1.53,https://planscore.org/plan.html?20260606T032002.324267138Z,
predict7D,AR,,-0.217,4,0.03,https://planscore.org/plan.html?20260308T032938.431623008Z,
predict7D,AZ,,-0.003,9,4.54,https://planscore.org/plan.html?20260722T235709.990192693Z,
predict7D,CA,yes,0.144,52,47.28,https://planscore.org/plan.html?20260625T222257.867223903Z,
predict7D,CO,,-0.019,8,5.23,https://planscore.org/plan.html?20260701T174021.662656851Z,
predict7D,CT,,0.219,5,5.0,https://planscore.org/plan.html?20260625T045448.936597997Z,
predict7D,DE,,0.226,1,1.0,https://planscore.org/plan.html?20260722T040505.623715459Z,
predict7D,FL,yes,-0.188,28,6.65,https://planscore.org/plan.html?20260625T045604.542743540Z,
predict7D,GA,,-0.156,14,5.23,https://planscore.org/plan.html?20260625T045751.418474714Z,
predict7D,HI,,0.094,2,2.0,https://planscore.org/plan.html?20260606T032059.983551693Z,
predict7D,IA,,-0.054,4,1.62,https://planscore.org/plan.html?20260319T164553.573212144Z,
predict7D,ID,,-0.205,2,0.0,https://planscore.org/plan.html?20260308T032220.523488663Z,
predict7D,IL,,0.136,17,13.96,https://planscore.org/plan.html?20260308T033518.253774300Z,
predict7D,IN,,-0.149,9,1.98,https://planscore.org/plan.html?20260305T214805.700186521Z,
predict7D,KS,,-0.166,4,1.01,https://planscore.org/plan.html?20260606T032153.568596795Z,
predict7D,KY,,-0.059,6,1.2,https://planscore.org/plan.html?20260308T033643.009666987Z,
predict7D,LA,yes,-0.13,6,1.0,https://planscore.org/plan.html?20260722T040616.240894547Z,
predict7D,MA,,0.101,9,9.0,https://planscore.org/plan.html?20260308T033830.288737948Z,
predict7D,MD,,0.012,8,7.03,https://planscore.org/plan.html?20260311T231900.624500497Z,
predict7D,ME,,0.101,2,1.57,https://planscore.org/plan.html?20260319T164705.867635929Z,
predict7D,MI,,0.028,13,7.74,https://planscore.org/plan.html?20260805T151850.067945103Z,
predict7D,MN,,-0.079,8,4.27,https://planscore.org/plan.html?20260606T032311.731671096Z,
predict7D,MO,yes,-0.207,8,1.26,https://planscore.org/plan.html?20260403T032754.170243427Z,
predict7D,MS,yes,-0.06,4,1.0,https://planscore.org/plan.html?20260308T034226.655497629Z,
predict7D,MT,,-0.186,2,0.39,https://planscore.org/plan.html?20260311T001933.480670259Z,
predict7D,NC,yes,-0.207,14,4.66,https://planscore.org/plan.html?20260311T232013.216176663Z,
predict7D,ND,,-0.165,1,0.0,https://planscore.org/plan.html?20260411T005731.504181127Z,
predict7D,NE,,0.018,3,1.06,https://planscore.org/plan.html?20260305T214943.603187263Z,
predict7D,NH,,0.341,2,1.96,https://planscore.org/plan.html?20260625T045923.918060619Z,
predict7D,NJ,,0.149,12,9.55,https://planscore.org/plan.html?20260625T050035.438358822Z,
predict7D,NM,,0.295,3,2.95,https://planscore.org/plan.html?20260305T215030.586025788Z,
predict7D,NV,,0.183,4,3.01,https://planscore.org/plan.html?20260319T164817.794703514Z,
predict7D,NY,,0.048,26,19.77,https://planscore.org/plan.html?20260625T050159.872999050Z,
predict7D,OH,yes,-0.101,15,5.04,https://planscore.org/plan.html?20260311T232129.262847191Z,
predict7D,OK,,-0.187,5,0.03,https://planscore.org/plan.html?20260411T010036.309823756Z,
predict7D,OR,,0.092,6,5.0,https://planscore.org/plan.html?20260311T232231.852425229Z,
predict7D,PA,,-0.028,17,8.98,https://planscore.org/plan.html?20260319T164944.688031776Z,
predict7D,RI,,0.244,2,2.0,https://planscore.org/plan.html?20260625T222616.339992410Z,
predict7D,SC,,-0.19,7,1.35,https://planscore.org/plan.html?20260403T033038.616880067Z,
predict7D,SD,,-0.246,1,0.0,https://planscore.org/plan.html?20260403T033149.349031262Z,
predict7D,TN,yes,-0.236,9,0.12,https://planscore.org/plan.html?20260722T040815.306521348Z,
predict7D,TX,yes,-0.161,38,9.97,https://planscore.org/plan.html?20260701T174425.926376239Z,
predict7D,UT,yes,-0.095,4,1.0,https://planscore.org/plan.html?20260625T050644.261355858Z,
predict7D,VA,,0.037,11,7.12,https://planscore.org/plan.html?20260805T152031.901388014Z,
predict7D,VT,,0.029,1,1.0,https://planscore.org/plan.html?20260606T032557.142926075Z,
predict7D,WA,,0.034,10,7.9,https://planscore.org/plan.html?20260805T152159.204771671Z,
predict7D,WI,,-0.204,8,2.6,https://planscore.org/plan.html?20260606T032758.892316136Z,
predict7D,WV,,-0.213,2,0.0,https://planscore.org/plan.html?20260305T215428.919311461Z,
predict7D,WY,,-0.081,1,0.0,https://planscore.org/plan.html?20260606T032853.857482900Z,
predict6D,AK,,-0.27,1,0.15,https://planscore.org/plan.html?20260606T031912.034117281Z,
predict6D,AL,yes,-0.055,7,1.46,https://planscore.org/plan.html?20260606T031952.727003419Z,
predict6D,AR,,-0.209,4,0.03,https://planscore.org/plan.html?20260308T032938.525256091Z,
predict6D,AZ,,-0.011,9,4.37,https://planscore.org/plan.html?20260722T235709.815536356Z,
predict6D,CA,yes,0.149,52,47.02,https://planscore.org/plan.html?20260625T222256.180965563Z,
predict6D,CO,,-0.03,8,5.06,https://planscore.org/plan.html?20260701T174021.533502518Z,
predict6D,CT,,0.23,5,5.0,https://planscore.org/plan.html?20260625T045447.316597094Z,
predict6D,DE,,0.236,1,1.0,https://planscore.org/plan.html?20260722T040505.686291205Z,
predict6D,FL,yes,-0.192,28,6.25,https://planscore.org/plan.html?20260625T045604.624419845Z,
predict6D,GA,,-0.15,14,5.17,https://planscore.org/plan.html?20260625T045750.150042621Z,
predict6D,HI,,0.104,2,2.0,https://planscore.org/plan.html?20260606T032057.077645220Z,
predict6D,IA,,-0.093,4,1.42,https://planscore.org/plan.html?20260319T164553.211309937Z,
predict6D,ID,,-0.196,2,0.0,https://planscore.org/plan.html?20260308T032218.215165923Z,
predict6D,IL,,0.144,17,13.93,https://planscore.org/plan.html?20260308T033508.610494149Z,
predict6D,IN,,-0.143,9,1.94,https://planscore.org/plan.html?20260305T214805.335904288Z,
predict6D,KS,,-0.159,4,1.0,https://planscore.org/plan.html?20260606T032149.543991485Z,
predict6D,KY,,-0.055,6,1.16,https://planscore.org/plan.html?20260308T033641.704625776Z,
predict6D,LA,yes,-0.121,6,1.0,https://planscore.org/plan.html?20260722T040606.784924194Z,
predict6D,MA,,0.111,9,9.0,https://planscore.org/plan.html?20260308T033829.404728640Z,
predict6D,MD,,0.02,8,7.01,https://planscore.org/plan.html?20260311T231859.504735599Z,
predict6D,ME,,0.08,2,1.5,https://planscore.org/plan.html?20260319T164701.723902258Z,
predict6D,MI,,0.023,13,7.53,https://planscore.org/plan.html?20260805T151841.434203552Z,
predict6D,MN,,-0.077,8,4.21,https://planscore.org/plan.html?20260606T032311.701136261Z,
predict6D,MO,yes,-0.205,8,1.2,https://planscore.org/plan.html?20260403T032753.457317414Z,
predict6D,MS,yes,-0.05,4,1.0,https://planscore.org/plan.html?20260308T034225.468145337Z,
predict6D,MT,,-0.203,2,0.34,https://planscore.org/plan.html?20260311T001933.894067960Z,
predict6D,NC,yes,-0.216,14,4.39,https://planscore.org/plan.html?20260311T232013.339155479Z,
predict6D,ND,,-0.155,1,0.0,https://planscore.org/plan.html?20260411T005731.666440955Z,
predict6D,NE,,0.02,3,1.03,https://planscore.org/plan.html?20260305T214943.600711080Z,
predict6D,NH,,0.344,2,1.95,https://planscore.org/plan.html?20260625T045923.194804352Z,
predict6D,NJ,,0.149,12,9.43,https://planscore.org/plan.html?20260625T050025.803476561Z,
predict6D,NM,,0.302,3,2.94,https://planscore.org/plan.html?20260305T215022.868514231Z,
predict6D,NV,,0.175,4,2.93,https://planscore.org/plan.html?20260319T164817.310680728Z,
predict6D,NY,,0.051,26,19.61,https://planscore.org/plan.html?20260625T050159.634792550Z,
predict6D,OH,yes,-0.099,15,4.92,https://planscore.org/plan.html?20260311T232129.566274343Z,
predict6D,OK,,-0.179,5,0.02,https://planscore.org/plan.html?20260411T010036.325083570Z,
predict6D,OR,,0.102,6,5.0,https://planscore.org/plan.html?20260311T232225.337080002Z,
predict6D,PA,,-0.033,17,8.73,https://planscore.org/plan.html?20260319T164943.974846772Z,
predict6D,RI,,0.255,2,2.0,https://planscore.org/plan.html?20260625T222616.252039696Z,
predict6D,SC,,-0.191,7,1.28,https://planscore.org/plan.html?20260403T033038.769329569Z,
predict6D,SD,,-0.238,1,0.0,https://planscore.org/plan.html?20260403T033149.878398807Z,
predict6D,TN,yes,-0.23,9,0.08,https://planscore.org/plan.html?20260722T040811.388073405Z,
predict6D,TX,yes,-0.158,38,9.66,https://planscore.org/plan.html?20260701T174419.926317355Z,
predict6D,UT,yes,-0.085,4,1.0,https://planscore.org/plan.html?20260625T050643.137933985Z,
predict6D,VA,,0.031,11,6.94,https://planscore.org/plan.html?20260805T152031.806448307Z,
predict6D,VT,,0.037,1,1.0,https://planscore.org/plan.html?20260606T032556.367752044Z,
predict6D,WA,,0.037,10,7.84,https://planscore.org/plan.html?20260805T152159.820351380Z,
predict6D,WI,,-0.208,8,2.48,https://planscore.org/plan.html?20260606T032758.218100105Z,
predict6D,WV,,-0.203,2,0.0,https://planscore.org/plan.html?20260305T215427.694810031Z,
predict6D,WY,,-0.071,1,0.0,https://planscore.org/plan.html?20260606T032848.384640134Z,
predict5D,AK,,-0.309,1,0.1,https://planscore.org/plan.html?20260606T031912.128899743Z,
predict5D,AL,yes,-0.053,7,1.41,https://planscore.org/plan.html?20260606T031953.445447657Z,
predict5D,AR,,-0.201,4,0.02,https://planscore.org/plan.html?20260308T032934.005025441Z,
predict5D,AZ,,-0.014,9,4.25,https://planscore.org/plan.html?20260722T235708.547870413Z,
predict5D,CA,yes,0.153,52,46.72,https://planscore.org/plan.html?20260625T222256.579853746Z,
predict5D,CO,,-0.038,8,4.92,https://planscore.org/plan.html?20260701T174011.558795648Z,
predict5D,CT,,0.24,5,5.0,https://planscore.org/plan.html?20260625T045439.812930678Z,
predict5D,DE,,0.248,1,1.0,https://planscore.org/plan.html?20260722T040504.084522615Z,
predict5D,FL,yes,-0.196,28,5.82,https://planscore.org/plan.html?20260625T045603.703238073Z,
predict5D,GA,,-0.145,14,5.12,https://planscore.org/plan.html?20260625T045748.662877119Z,
predict5D,HI,,0.113,2,2.0,https://planscore.org/plan.html?20260606T032057.539049725Z,
predict5D,IA,,-0.124,4,1.26,https://planscore.org/plan.html?20260319T164544.111430010Z,
predict5D,ID,,-0.186,2,0.0,https://planscore.org/plan.html?20260308T032213.353103044Z,
predict5D,IL,,0.151,17,13.89,https://planscore.org/plan.html?20260308T033508.314226660Z,
predict5D,IN,,-0.136,9,1.91,https://planscore.org/plan.html?20260305T214805.490636731Z,
predict5D,KS,,-0.15,4,0.99,https://planscore.org/plan.html?20260606T032149.885378327Z,
predict5D,KY,,-0.052,6,1.12,https://planscore.org/plan.html?20260308T033641.515787579Z,
predict5D,LA,yes,-0.111,6,1.0,https://planscore.org/plan.html?20260722T040606.286404011Z,
predict5D,MA,,0.12,9,9.0,https://planscore.org/plan.html?20260308T033827.661156647Z,
predict5D,MD,,0.027,8,7.0,https://planscore.org/plan.html?20260311T231859.290751571Z,
predict5D,ME,,0.064,2,1.45,https://planscore.org/plan.html?20260319T164701.049179840Z,
predict5D,MI,,0.018,13,7.35,https://planscore.org/plan.html?20260805T151816.494456951Z,
predict5D,MN,,-0.074,8,4.15,https://planscore.org/plan.html?20260606T032302.370187629Z,
predict5D,MO,yes,-0.202,8,1.14,https://planscore.org/plan.html?20260403T032753.378201459Z,
predict5D,MS,yes,-0.041,4,1.0,https://planscore.org/plan.html?20260308T034224.455142731Z,
predict5D,MT,,-0.218,2,0.29,https://planscore.org/plan.html?20260311T001933.604154993Z,
predict5D,NC,yes,-0.223,14,4.13,https://planscore.org/plan.html?20260311T232013.824690634Z,
predict5D,ND,,-0.145,1,0.0,https://planscore.org/plan.html?20260411T005731.524479393Z,
predict5D,NE,,0.021,3,1.01,https://planscore.org/plan.html?20260305T214943.900008955Z,
predict5D,NH,,0.342,2,1.92,https://planscore.org/plan.html?20260625T045923.195292011Z,
predict5D,NJ,,0.15,12,9.31,https://planscore.org/plan.html?20260625T050025.324000157Z,
predict5D,NM,,0.304,3,2.91,https://planscore.org/plan.html?20260305T215022.746498363Z,
predict5D,NV,,0.162,4,2.83,https://planscore.org/plan.html?20260319T164817.534461598Z,
predict5D,NY,,0.055,26,19.44,https://planscore.org/plan.html?20260625T050153.257211375Z,
predict5D,OH,yes,-0.097,15,4.79,https://planscore.org/plan.html?20260311T232129.058474241Z,
predict5D,OK,,-0.171,5,0.01,https://planscore.org/plan.html?20260411T010035.084792819Z,
predict5D,OR,,0.112,6,5.0,https://planscore.org/plan.html?20260311T232225.494984035Z,
predict5D,PA,,-0.035,17,8.52,https://planscore.org/plan.html?20260319T164943.542037815Z,
predict5D,RI,,0.265,2,2.0,https://planscore.org/plan.html?20260625T222614.646998159Z,
predict5D,SC,,-0.191,7,1.2,https://planscore.org/plan.html?20260403T033037.719241561Z,
predict5D,SD,,-0.227,1,0.0,https://planscore.org/plan.html?20260403T033149.921903281Z,
predict5D,TN,yes,-0.223,9,0.06,https://planscore.org/plan.html?20260722T040811.411678863Z,
predict5D,TX,yes,-0.155,38,9.39,https://planscore.org/plan.html?20260701T174329.512606771Z,
predict5D,UT,yes,-0.074,4,1.0,https://planscore.org/plan.html?20260625T050635.653715499Z,
predict5D,VA,,0.027,11,6.79,https://planscore.org/plan.html?20260805T152031.475574717Z,
predict5D,VT,,0.045,1,1.0,https://planscore.org/plan.html?20260606T032557.414807661Z,
predict5D,WA,,0.04,10,7.77,https://planscore.org/plan.html?20260805T152159.108775967Z,
predict5D,WI,,-0.209,8,2.39,https://planscore.org/plan.html?20260606T032757.430432952Z,
predict5D,WV,,-0.193,2,0.0,https://planscore.org/plan.html?20260305T215427.181169911Z,
predict5D,WY,,-0.063,1,0.0,https://planscore.org/plan.html?20260606T032848.987297880Z,
predict4D,AK,,-0.323,1,0.08,https://planscore.org/plan.html?20260606T031902.735394175Z,
predict4D,AL,yes,-0.053,7,1.34,https://planscore.org/plan.html?20260606T031952.529865290Z,
predict4D,AR,,-0.192,4,0.01,https://planscore.org/plan.html?20260308T032930.300235874Z,
predict4D,AZ,,-0.021,9,4.09,https://planscore.org/plan.html?20260722T235708.823682370Z,
predict4D,CA,yes,0.156,52,46.38,https://planscore.org/plan.html?20260625T222256.096321537Z,
predict4D,CO,,-0.046,8,4.77,https://planscore.org/plan.html?20260701T174010.847303887Z,
predict4D,CT,,0.25,5,4.99,https://planscore.org/plan.html?20260625T045428.001634862Z,
predict4D,DE,,0.258,1,1.0,https://planscore.org/plan.html?20260722T040504.361856549Z,
predict4D,FL,yes,-0.197,28,5.49,https://planscore.org/plan.html?20260625T045603.504193259Z,
predict4D,GA,,-0.138,14,5.07,https://planscore.org/plan.html?20260625T045748.584462790Z,
predict4D,HI,,0.122,2,2.0,https://planscore.org/plan.html?20260606T032056.234055499Z,
predict4D,IA,,-0.165,4,1.04,https://planscore.org/plan.html?20260319T164543.777962366Z,
predict4D,ID,,-0.176,2,0.0,https://planscore.org/plan.html?20260308T032208.167651681Z,
predict4D,IL,,0.158,17,13.84,https://planscore.org/plan.html?20260308T033508.407405642Z,
predict4D,IN,,-0.131,9,1.86,https://planscore.org/plan.html?20260305T214804.559470691Z,
predict4D,KS,,-0.142,4,0.98,https://planscore.org/plan.html?20260606T032148.976380749Z,
predict4D,KY,,-0.047,6,1.09,https://planscore.org/plan.html?20260308T033640.180735347Z,
predict4D,LA,yes,-0.102,6,1.0,https://planscore.org/plan.html?20260722T040605.805155326Z,
predict4D,MA,,0.129,9,9.0,https://planscore.org/plan.html?20260308T033826.160938168Z,
predict4D,MD,,0.033,8,6.97,https://planscore.org/plan.html?20260311T231859.160580021Z,
predict4D,ME,,0.042,2,1.38,https://planscore.org/plan.html?20260319T164701.130670648Z,
predict4D,MI,,0.011,13,7.12,https://planscore.org/plan.html?20260805T151816.255329940Z,
predict4D,MN,,-0.069,8,4.11,https://planscore.org/plan.html?20260606T032301.205782844Z,
predict4D,MO,yes,-0.197,8,1.11,https://planscore.org/plan.html?20260403T032753.505777868Z,
predict4D,MS,yes,-0.031,4,1.0,https://planscore.org/plan.html?20260308T034224.256219112Z,
predict4D,MT,,-0.231,2,0.24,https://planscore.org/plan.html?20260311T001933.519370973Z,
predict4D,NC,yes,-0.231,14,3.89,https://planscore.org/plan.html?20260311T232013.318092906Z,
predict4D,ND,,-0.135,1,0.0,https://planscore.org/plan.html?20260411T005731.398719744Z,
predict4D,NE,,0.019,3,0.97,https://planscore.org/plan.html?20260305T214943.117329099Z,
predict4D,NH,,0.333,2,1.88,https://planscore.org/plan.html?20260625T045923.261441542Z,
predict4D,NJ,,0.151,12,9.2,https://planscore.org/plan.html?20260625T050025.167092347Z,
predict4D,NM,,0.303,3,2.87,https://planscore.org/plan.html?20260305T215022.523315032Z,
predict4D,NV,,0.15,4,2.74,https://planscore.org/plan.html?20260319T164817.854955467Z,
predict4D,NY,,0.057,26,19.24,https://planscore.org/plan.html?20260625T050151.433208174Z,
predict4D,OH,yes,-0.094,15,4.68,https://planscore.org/plan.html?20260311T232129.599202377Z,
predict4D,OK,,-0.162,5,0.01,https://planscore.org/plan.html?20260411T010035.590909362Z,
predict4D,OR,,0.121,6,5.0,https://planscore.org/plan.html?20260311T232225.993326813Z,
predict4D,PA,,-0.038,17,8.29,https://planscore.org/plan.html?20260319T164941.958042594Z,
predict4D,RI,,0.274,2,2.0,https://planscore.org/plan.html?20260625T222613.034655734Z,
predict4D,SC,,-0.187,7,1.15,https://planscore.org/plan.html?20260403T033037.678693291Z,
predict4D,SD,,-0.217,1,0.0,https://planscore.org/plan.html?20260403T033149.835642761Z,
predict4D,TN,yes,-0.215,9,0.04,https://planscore.org/plan.html?20260722T040811.374457425Z,
predict4D,TX,yes,-0.152,38,9.13,https://planscore.org/plan.html?20260701T174315.094845484Z,
predict4D,UT,yes,-0.064,4,1.0,https://planscore.org/plan.html?20260625T050633.997583302Z,
predict4D,VA,,0.022,11,6.62,https://planscore.org/plan.html?20260805T152031.531025899Z,
predict4D,VT,,0.055,1,1.0,https://planscore.org/plan.html?20260606T032556.254392771Z,
predict4D,WA,,0.041,10,7.69,https://planscore.org/plan.html?20260805T152159.156164839Z,
predict4D,WI,,-0.209,8,2.32,https://planscore.org/plan.html?20260606T032750.986370188Z,
predict4D,WV,,-0.183,2,0.0,https://planscore.org/plan.html?20260305T215427.902176501Z,
predict4D,WY,,-0.053,1,0.0,https://planscore.org/plan.html?20260606T032847.003778344Z,
predict3D,AK,,-0.331,1,0.06,https://planscore.org/plan.html?20260606T031902.517708442Z,
predict3D,AL,yes,-0.052,7,1.28,https://planscore.org/plan.html?20260606T031952.429325268Z,
predict3D,AR,,-0.183,4,0.01,https://planscore.org/plan.html?20260308T032930.476920908Z,
predict3D,AZ,,-0.028,9,3.92,https://planscore.org/plan.html?20260722T235657.607277777Z,
predict3D,CA,yes,0.159,52,46.01,https://planscore.org/plan.html?20260625T222256.110274733Z,
predict3D,CO,,-0.051,8,4.65,https://planscore.org/plan.html?20260701T174010.819807340Z,
predict3D,CT,,0.259,5,4.99,https://planscore.org/plan.html?20260625T045428.561096674Z,
predict3D,DE,,0.267,1,1.0,https://planscore.org/plan.html?20260722T040453.036271834Z,
predict3D,FL,yes,-0.196,28,5.22,https://planscore.org/plan.html?20260625T045558.133515807Z,
predict3D,GA,,-0.13,14,5.05,https://planscore.org/plan.html?20260625T045740.069714575Z,
predict3D,HI,,0.132,2,2.0,https://planscore.org/plan.html?20260606T032056.677214926Z,
predict3D,IA,,-0.194,4,0.89,https://planscore.org/plan.html?20260319T164543.334254542Z,
predict3D,ID,,-0.167,2,0.0,https://planscore.org/plan.html?20260308T032208.017525160Z,
predict3D,IL,,0.164,17,13.77,https://planscore.org/plan.html?20260308T033507.209637459Z,
predict3D,IN,,-0.126,9,1.81,https://planscore.org/plan.html?20260305T214804.799968057Z,
predict3D,KS,,-0.135,4,0.96,https://planscore.org/plan.html?20260606T032149.933160422Z,
predict3D,KY,,-0.043,6,1.06,https://planscore.org/plan.html?20260308T033640.262220530Z,
predict3D,LA,yes,-0.094,6,1.0,https://planscore.org/plan.html?20260722T040605.587172062Z,
predict3D,MA,,0.139,9,9.0,https://planscore.org/plan.html?20260308T033826.249748231Z,
predict3D,MD,,0.039,8,6.95,https://planscore.org/plan.html?20260311T231859.556331565Z,
predict3D,ME,,0.02,2,1.32,https://planscore.org/plan.html?20260319T164701.786676189Z,
predict3D,MI,,0.005,13,6.92,https://planscore.org/plan.html?20260805T151816.337340599Z,
predict3D,MN,,-0.063,8,4.07,https://planscore.org/plan.html?20260606T032302.584375582Z,
predict3D,MO,yes,-0.191,8,1.08,https://planscore.org/plan.html?20260403T032753.439256373Z,
predict3D,MS,yes,-0.022,4,1.0,https://planscore.org/plan.html?20260308T034224.510092803Z,
predict3D,MT,,-0.245,2,0.19,https://planscore.org/plan.html?20260311T001933.879354846Z,
predict3D,NC,yes,-0.233,14,3.71,https://planscore.org/plan.html?20260311T232012.670317104Z,
predict3D,ND,,-0.125,1,0.0,https://planscore.org/plan.html?20260411T005731.174507233Z,
predict3D,NE,,0.018,3,0.94,https://planscore.org/plan.html?20260305T214943.064105651Z,
predict3D,NH,,0.324,2,1.84,https://planscore.org/plan.html?20260625T045923.683330724Z,
predict3D,NJ,,0.15,12,9.06,https://planscore.org/plan.html?20260625T050024.015578823Z,
predict3D,NM,,0.301,3,2.84,https://planscore.org/plan.html?20260305T215022.967954203Z,
predict3D,NV,,0.135,4,2.64,https://planscore.org/plan.html?20260319T164817.751592553Z,
predict3D,NY,,0.059,26,19.05,https://planscore.org/plan.html?20260625T050151.183042218Z,
predict3D,OH,yes,-0.092,15,4.56,https://planscore.org/plan.html?20260311T232128.315383558Z,
predict3D,OK,,-0.153,5,0.01,https://planscore.org/plan.html?20260411T010035.834743508Z,
predict3D,OR,,0.131,6,4.99,https://planscore.org/plan.html?20260311T232225.906258814Z,
predict3D,PA,,-0.04,17,8.1,https://planscore.org/plan.html?20260319T164942.463717165Z,
predict3D,RI,,0.284,2,2.0,https://planscore.org/plan.html?20260625T222613.610050401Z,
predict3D,SC,,-0.182,7,1.11,https://planscore.org/plan.html?20260403T033038.068898634Z,
predict3D,SD,,-0.207,1,0.0,https://planscore.org/plan.html?20260403T033149.731362587Z,
predict3D,TN,yes,-0.207,9,0.03,https://planscore.org/plan.html?20260722T040807.312144050Z,
predict3D,TX,yes,-0.148,38,8.92,https://planscore.org/plan.html?20260701T174315.213653951Z,
predict3D,UT,yes,-0.054,4,1.0,https://planscore.org/plan.html?20260625T050633.810709920Z,
predict3D,VA,,0.017,11,6.45,https://planscore.org/plan.html?20260805T152031.136407552Z,
predict3D,VT,,0.063,1,1.0,https://planscore.org/plan.html?20260606T032555.081317177Z,
predict3D,WA,,0.043,10,7.6,https://planscore.org/plan.html?20260805T152156.305479660Z,
predict3D,WI,,-0.207,8,2.25,https://planscore.org/plan.html?20260606T032748.846495324Z,
predict3D,WV,,-0.174,2,0.0,https://planscore.org/plan.html?20260305T215427.123744975Z,
predict3D,WY,,-0.045,1,0.0,https://planscore.org/plan.html?20260606T032846.546065085Z,
predict2D,AK,,-0.331,1,0.05,https://planscore.org/plan.html?20260606T031902.453359254Z,
predict2D,AL,yes,-0.051,7,1.22,https://planscore.org/plan.html?20260606T031950.964220797Z,
predict2D,AR,,-0.174,4,0.01,https://planscore.org/plan.html?20260308T032926.990713896Z,
predict2D,AZ,,-0.035,9,3.77,https://planscore.org/plan.html?20260722T235657.226943567Z,
predict2D,CA,yes,0.159,52,45.51,https://planscore.org/plan.html?20260625T222256.206893944Z,
predict2D,CO,,-0.056,8,4.53,https://planscore.org/plan.html?20260701T174010.472430372Z,
predict2D,CT,,0.269,5,4.98,https://planscore.org/plan.html?20260625T045428.035864361Z,
predict2D,DE,,0.277,1,1.0,https://planscore.org/plan.html?20260722T040453.078436752Z,
predict2D,FL,yes,-0.195,28,4.96,https://planscore.org/plan.html?20260625T045553.650035068Z,
predict2D,GA,,-0.122,14,5.03,https://planscore.org/plan.html?20260625T045727.341010994Z,
predict2D,HI,,0.141,2,2.0,https://planscore.org/plan.html?20260606T032056.291964668Z,
predict2D,IA,,-0.224,4,0.72,https://planscore.org/plan.html?20260319T164543.327966140Z,
predict2D,ID,,-0.156,2,0.0,https://planscore.org/plan.html?20260308T032207.386204924Z,
predict2D,IL,,0.168,17,13.68,https://planscore.org/plan.html?20260308T033506.987370924Z,
predict2D,IN,,-0.121,9,1.77,https://planscore.org/plan.html?20260305T214804.503261485Z,
predict2D,KS,,-0.129,4,0.94,https://planscore.org/plan.html?20260606T032148.535425853Z,
predict2D,KY,,-0.036,6,1.04,https://planscore.org/plan.html?20260308T033633.195076053Z,
predict2D,LA,yes,-0.084,6,1.0,https://planscore.org/plan.html?20260722T040605.018231214Z,
predict2D,MA,,0.148,9,9.0,https://planscore.org/plan.html?20260308T033822.825177596Z,
predict2D,MD,,0.046,8,6.93,https://planscore.org/plan.html?20260311T231859.494587794Z,
predict2D,ME,,0.004,2,1.27,https://planscore.org/plan.html?20260319T164701.974308093Z,
predict2D,MI,,-0.0,13,6.71,https://planscore.org/plan.html?20260805T151816.195177936Z,
predict2D,MN,,-0.057,8,4.05,https://planscore.org/plan.html?20260606T032301.464229048Z,
predict2D,MO,yes,-0.184,8,1.06,https://planscore.org/plan.html?20260403T032753.978756592Z,
predict2D,MS,yes,-0.012,4,1.0,https://planscore.org/plan.html?20260308T034223.565918156Z,
predict2D,MT,,-0.258,2,0.14,https://planscore.org/plan.html?20260311T001932.023443881Z,
predict2D,NC,yes,-0.233,14,3.57,https://planscore.org/plan.html?20260311T232012.155767958Z,
predict2D,ND,,-0.115,1,0.0,https://planscore.org/plan.html?20260411T005731.951701719Z,
predict2D,NE,,0.017,3,0.91,https://planscore.org/plan.html?20260305T214943.354581084Z,
predict2D,NH,,0.303,2,1.78,https://planscore.org/plan.html?20260625T045923.813817742Z,
predict2D,NJ,,0.148,12,8.91,https://planscore.org/plan.html?20260625T050023.207264135Z,
predict2D,NM,,0.295,3,2.79,https://planscore.org/plan.html?20260305T215019.081948018Z,
predict2D,NV,,0.114,4,2.51,https://planscore.org/plan.html?20260319T164817.780578909Z,
predict2D,NY,,0.062,26,18.84,https://planscore.org/plan.html?20260625T050148.482992520Z,
predict2D,OH,yes,-0.092,15,4.41,https://planscore.org/plan.html?20260311T232129.487417940Z,
predict2D,OK,,-0.144,5,0.0,https://planscore.org/plan.html?20260411T010027.549413762Z,
predict2D,OR,,0.139,6,4.98,https://planscore.org/plan.html?20260311T232218.632311551Z,
predict2D,PA,,-0.042,17,7.9,https://planscore.org/plan.html?20260319T164941.161260032Z,
predict2D,RI,,0.291,2,1.99,https://planscore.org/plan.html?20260625T222613.589060199Z,
predict2D,SC,,-0.177,7,1.08,https://planscore.org/plan.html?20260403T033037.174857102Z,
predict2D,SD,,-0.197,1,0.0,https://planscore.org/plan.html?20260403T033136.233060016Z,
predict2D,TN,yes,-0.197,9,0.02,https://planscore.org/plan.html?20260722T040807.267776763Z,
predict2D,TX,yes,-0.143,38,8.7,https://planscore.org/plan.html?20260701T174315.289529312Z,
predict2D,UT,yes,-0.044,4,1.0,https://planscore.org/plan.html?20260625T050623.520161552Z,
predict2D,VA,,0.01,11,6.27,https://planscore.org/plan.html?20260805T152031.998621743Z,
predict2D,VT,,0.073,1,1.0,https://planscore.org/plan.html?20260606T032546.712543186Z,
predict2D,WA,,0.043,10,7.51,https://planscore.org/plan.html?20260805T152155.153111551Z,
predict2D,WI,,-0.206,8,2.18,https://planscore.org/plan.html?20260606T032744.433167729Z,
predict2D,WV,,-0.164,2,0.0,https://planscore.org/plan.html?20260305T215423.211860973Z,
predict2D,WY,,-0.037,1,0.0,https://planscore.org/plan.html?20260606T032845.662520340Z,
predict1D,AK,,-0.332,1,0.04,https://planscore.org/plan.html?20260606T031902.907810018Z,
predict1D,AL,yes,-0.047,7,1.19,https://planscore.org/plan.html?20260606T031950.757485042Z,
predict1D,AR,,-0.165,4,0.0,https://planscore.org/plan.html?20260308T032926.995155997Z,
predict1D,AZ,,-0.04,9,3.62,https://planscore.org/plan.html?20260722T235657.308473807Z,
predict1D,CA,yes,0.16,52,44.98,https://planscore.org/plan.html?20260625T222256.569002342Z,
predict1D,CO,,-0.058,8,4.42,https://planscore.org/plan.html?20260701T174010.946027310Z,
predict1D,CT,,0.278,5,4.97,https://planscore.org/plan.html?20260625T045428.249096570Z,
predict1D,DE,,0.289,1,1.0,https://planscore.org/plan.html?20260722T040453.100374136Z,
predict1D,FL,yes,-0.191,28,4.77,https://planscore.org/plan.html?20260625T045551.482058524Z,
predict1D,GA,,-0.114,14,5.01,https://planscore.org/plan.html?20260625T045726.358858024Z,
predict1D,HI,,0.151,2,2.0,https://planscore.org/plan.html?20260606T032056.664885084Z,
predict1D,IA,,-0.247,4,0.59,https://planscore.org/plan.html?20260319T164543.649666534Z,
predict1D,ID,,-0.147,2,0.0,https://planscore.org/plan.html?20260308T032207.629623586Z,
predict1D,IL,,0.173,17,13.58,https://planscore.org/plan.html?20260308T033502.606332010Z,
predict1D,IN,,-0.116,9,1.72,https://planscore.org/plan.html?20260305T214804.631235867Z,
predict1D,KS,,-0.125,4,0.92,https://planscore.org/plan.html?20260606T032148.452557132Z,
predict1D,KY,,-0.029,6,1.03,https://planscore.org/plan.html?20260308T033632.535892072Z,
predict1D,LA,yes,-0.075,6,1.0,https://planscore.org/plan.html?20260722T040605.535779804Z,
predict1D,MA,,0.157,9,9.0,https://planscore.org/plan.html?20260308T033821.275162158Z,
predict1D,MD,,0.053,8,6.91,https://planscore.org/plan.html?20260311T231859.196864319Z,
predict1D,ME,,-0.012,2,1.21,https://planscore.org/plan.html?20260319T164701.524901711Z,
predict1D,MI,,-0.005,13,6.51,https://planscore.org/plan.html?20260805T151816.089579669Z,
predict1D,MN,,-0.05,8,4.01,https://planscore.org/plan.html?20260606T032301.353419440Z,
predict1D,MO,yes,-0.175,8,1.04,https://planscore.org/plan.html?20260403T032753.088512173Z,
predict1D,MS,yes,-0.003,4,1.0,https://planscore.org/plan.html?20260308T034222.594296871Z,
predict1D,MT,,-0.261,2,0.11,https://planscore.org/plan.html?20260311T001933.385693549Z,
predict1D,NC,yes,-0.229,14,3.46,https://planscore.org/plan.html?20260311T232012.001748056Z,
predict1D,ND,,-0.107,1,0.0,https://planscore.org/plan.html?20260411T005731.885807709Z,
predict1D,NE,,0.013,3,0.87,https://planscore.org/plan.html?20260305T214944.665314797Z,
predict1D,NH,,0.279,2,1.71,https://planscore.org/plan.html?20260625T045927.072918299Z,
predict1D,NJ,,0.147,12,8.78,https://planscore.org/plan.html?20260625T050016.851429648Z,
predict1D,NM,,0.285,3,2.73,https://planscore.org/plan.html?20260305T215017.300257919Z,
predict1D,NV,,0.092,4,2.38,https://planscore.org/plan.html?20260319T164817.075380129Z,
predict1D,NY,,0.063,26,18.63,https://planscore.org/plan.html?20260625T050148.270724176Z,
predict1D,OH,yes,-0.09,15,4.29,https://planscore.org/plan.html?20260311T232129.958326455Z,
predict1D,OK,,-0.134,5,0.0,https://planscore.org/plan.html?20260411T010023.234886349Z,
predict1D,OR,,0.148,6,4.98,https://planscore.org/plan.html?20260311T232219.432090908Z,
predict1D,PA,,-0.042,17,7.71,https://planscore.org/plan.html?20260319T164941.133350589Z,
predict1D,RI,,0.299,2,1.98,https://planscore.org/plan.html?20260625T222603.604408011Z,
predict1D,SC,,-0.169,7,1.06,https://planscore.org/plan.html?20260403T033037.676864021Z,
predict1D,SD,,-0.187,1,0.0,https://planscore.org/plan.html?20260403T033126.899337942Z,
predict1D,TN,yes,-0.188,9,0.01,https://planscore.org/plan.html?20260722T040807.111774060Z,
predict1D,TX,yes,-0.137,38,8.54,https://planscore.org/plan.html?20260701T174315.369851068Z,
predict1D,UT,yes,-0.034,4,1.0,https://planscore.org/plan.html?20260625T050622.312322088Z,
predict1D,VA,,0.007,11,6.12,https://planscore.org/plan.html?20260805T152031.789687478Z,
predict1D,VT,,0.081,1,1.0,https://planscore.org/plan.html?20260606T032544.682585898Z,
predict1D,WA,,0.043,10,7.41,https://planscore.org/plan.html?20260805T152141.685897580Z,
predict1D,WI,,-0.201,8,2.14,https://planscore.org/plan.html?20260606T032735.654243165Z,
predict1D,WV,,-0.154,2,0.0,https://planscore.org/plan.html?20260305T215423.108439027Z,
predict1D,WY,,-0.027,1,0.0,https://planscore.org/plan.html?20260606T032835.523134022Z,
predict0,AK,,-0.335,1,0.02,https://planscore.org/plan.html?20260606T031902.149474943Z,
predict0,AL,yes,-0.045,7,1.13,https://planscore.org/plan.html?20260606T031949.972422988Z,
predict0,AR,,-0.156,4,0.0,https://planscore.org/plan.html?20260308T032926.603420902Z,
predict0,AZ,,-0.044,9,3.5,https://planscore.org/plan.html?20260722T235657.187084674Z,
predict0,CA,yes,0.156,52,44.29,https://planscore.org/plan.html?20260625T222246.904713690Z,
predict0,CO,,-0.061,8,4.32,https://planscore.org/plan.html?20260701T174010.157368384Z,
predict0,CT,,0.284,5,4.96,https://planscore.org/plan.html?20260625T045428.742399416Z,
predict0,DE,,0.297,1,1.0,https://planscore.org/plan.html?20260722T040453.257192591Z,
predict0,FL,yes,-0.188,28,4.57,https://planscore.org/plan.html?20260625T045550.050322883Z,
predict0,GA,,-0.105,14,5.0,https://planscore.org/plan.html?20260625T045726.760704399Z,
predict0,HI,,0.161,2,2.0,https://planscore.org/plan.html?20260606T032056.128731783Z,
predict0,IA,,-0.272,4,0.44,https://planscore.org/plan.html?20260319T164543.089782354Z,
predict0,ID,,-0.137,2,0.0,https://planscore.org/plan.html?20260308T032207.649709573Z,
predict0,IL,,0.173,17,13.42,https://planscore.org/plan.html?20260308T033502.105446732Z,
predict0,IN,,-0.112,9,1.66,https://planscore.org/plan.html?20260305T214804.648217922Z,
predict0,KS,,-0.121,4,0.89,https://planscore.org/plan.html?20260606T032148.914190213Z,
predict0,KY,,-0.022,6,1.02,https://planscore.org/plan.html?20260308T033631.884707073Z,
predict0,LA,yes,-0.067,6,1.0,https://planscore.org/plan.html?20260722T040605.290637622Z,
predict0,MA,,0.167,9,9.0,https://planscore.org/plan.html?20260308T033821.275354833Z,
predict0,MD,,0.057,8,6.88,https://planscore.org/plan.html?20260311T231859.811808913Z,
predict0,ME,,-0.031,2,1.15,https://planscore.org/plan.html?20260319T164701.590622144Z,
predict0,MI,,-0.01,13,6.31,https://planscore.org/plan.html?20260805T151816.655443909Z,
predict0,MN,,-0.043,8,4.0,https://planscore.org/plan.html?20260606T032301.597106748Z,
predict0,MO,yes,-0.167,8,1.03,https://planscore.org/plan.html?20260403T032753.051056539Z,
predict0,MS,yes,0.007,4,1.0,https://planscore.org/plan.html?20260308T034221.165655542Z,
predict0,MT,,-0.266,2,0.08,https://planscore.org/plan.html?20260311T001923.001414418Z,
predict0,NC,yes,-0.227,14,3.35,https://planscore.org/plan.html?20260311T232012.902918618Z,
predict0,ND,,-0.097,1,0.0,https://planscore.org/plan.html?20260411T005731.252156322Z,
predict0,NE,,0.007,3,0.82,https://planscore.org/plan.html?20260305T214943.588229476Z,
predict0,NH,,0.251,2,1.63,https://planscore.org/plan.html?20260625T045913.886736849Z,
predict0,NJ,,0.142,12,8.58,https://planscore.org/plan.html?20260625T050012.865905287Z,
predict0,NM,,0.264,3,2.63,https://planscore.org/plan.html?20260305T215017.334410397Z,
predict0,NV,,0.068,4,2.23,https://planscore.org/plan.html?20260319T164817.984734543Z,
predict0,NY,,0.061,26,18.32,https://planscore.org/plan.html?20260625T050148.067387790Z,
predict0,OH,yes,-0.092,15,4.12,https://planscore.org/plan.html?20260311T232128.698847864Z,
predict0,OK,,-0.125,5,0.0,https://planscore.org/plan.html?20260411T010023.754647305Z,
predict0,OR,,0.156,6,4.97,https://planscore.org/plan.html?20260311T232218.245461521Z,
predict0,PA,,-0.044,17,7.51,https://planscore.org/plan.html?20260319T164940.230391956Z,
predict0,RI,,0.306,2,1.98,https://planscore.org/plan.html?20260625T222603.071699408Z,
predict0,SC,,-0.162,7,1.04,https://planscore.org/plan.html?20260403T033037.344881333Z,
predict0,SD,,-0.177,1,0.0,https://planscore.org/plan.html?20260403T033126.558064168Z,
predict0,TN,yes,-0.179,9,0.01,https://planscore.org/plan.html?20260722T040807.880307810Z,
predict0,TX,yes,-0.131,38,8.41,https://planscore.org/plan.html?20260701T174310.007254951Z,
predict0,UT,yes,-0.025,4,1.0,https://planscore.org/plan.html?20260625T050622.584098513Z,
predict0,VA,,0.003,11,5.96,https://planscore.org/plan.html?20260805T152031.407085607Z,
predict0,VT,,0.091,1,1.0,https://planscore.org/plan.html?20260606T032544.122117269Z,
predict0,WA,,0.042,10,7.3,https://planscore.org/plan.html?20260805T152141.428632231Z,
predict0,WI,,-0.196,8,2.09,https://planscore.org/plan.html?20260606T032734.520785336Z,
predict0,WV,,-0.144,2,0.0,https://planscore.org/plan.html?20260305T215423.894379117Z,
predict0,WY,,-0.019,1,0.0,https://planscore.org/plan.html?20260606T032835.749667647Z,
predict1R,AK,,-0.332,1,0.02,https://planscore.org/plan.html?20260606T031902.253270842Z,
predict1R,AL,yes,-0.04,7,1.1,https://planscore.org/plan.html?20260606T031940.898492474Z,
predict1R,AR,,-0.147,4,0.0,https://planscore.org/plan.html?20260308T032926.092692124Z,
predict1R,AZ,,-0.049,9,3.36,https://planscore.org/plan.html?20260722T235657.404612727Z,
predict1R,CA,yes,0.151,52,43.5,https://planscore.org/plan.html?20260625T222246.935939981Z,
predict1R,CO,,-0.06,8,4.25,https://planscore.org/plan.html?20260701T174010.794400599Z,
predict1R,CT,,0.289,5,4.93,https://planscore.org/plan.html?20260625T045427.312868941Z,
predict1R,DE,,0.306,1,0.99,https://planscore.org/plan.html?20260722T040453.172383848Z,
predict1R,FL,yes,-0.183,28,4.42,https://planscore.org/plan.html?20260625T045549.012186608Z,
predict1R,GA,,-0.097,14,4.98,https://planscore.org/plan.html?20260625T045717.774603152Z,
predict1R,HI,,0.171,2,2.0,https://planscore.org/plan.html?20260606T032056.692723279Z,
predict1R,IA,,-0.29,4,0.32,https://planscore.org/plan.html?20260319T164543.482847575Z,
predict1R,ID,,-0.128,2,0.0,https://planscore.org/plan.html?20260308T032207.045191835Z,
predict1R,IL,,0.174,17,13.27,https://planscore.org/plan.html?20260308T033502.901276702Z,
predict1R,IN,,-0.109,9,1.6,https://planscore.org/plan.html?20260305T214804.449202383Z,
predict1R,KS,,-0.119,4,0.86,https://planscore.org/plan.html?20260606T032148.269190168Z,
predict1R,KY,,-0.014,6,1.02,https://planscore.org/plan.html?20260308T033630.920613579Z,
predict1R,LA,yes,-0.058,6,1.0,https://planscore.org/plan.html?20260722T040605.677059808Z,
predict1R,MA,,0.176,9,8.99,https://planscore.org/plan.html?20260308T033817.399765569Z,
predict1R,MD,,0.062,8,6.84,https://planscore.org/plan.html?20260311T231859.522399561Z,
predict1R,ME,,-0.041,2,1.11,https://planscore.org/plan.html?20260319T164701.537554496Z,
predict1R,MI,,-0.015,13,6.11,https://planscore.org/plan.html?20260805T151816.492867161Z,
predict1R,MN,,-0.036,8,3.97,https://planscore.org/plan.html?20260606T032301.736780875Z,
predict1R,MO,yes,-0.16,8,1.02,https://planscore.org/plan.html?20260403T032753.834968412Z,
predict1R,MS,yes,0.016,4,1.0,https://planscore.org/plan.html?20260308T034221.174092988Z,
predict1R,MT,,-0.266,2,0.06,https://planscore.org/plan.html?20260311T001922.856813043Z,
predict1R,NC,yes,-0.222,14,3.28,https://planscore.org/plan.html?20260311T232012.180463359Z,
predict1R,ND,,-0.087,1,0.0,https://planscore.org/plan.html?20260411T005731.096345845Z,
predict1R,NE,,-0.004,3,0.76,https://planscore.org/plan.html?20260305T214943.067931576Z,
predict1R,NH,,0.217,2,1.54,https://planscore.org/plan.html?20260625T045913.977760140Z,
predict1R,NJ,,0.137,12,8.4,https://planscore.org/plan.html?20260625T050012.314506864Z,
predict1R,NM,,0.244,3,2.54,https://planscore.org/plan.html?20260305T215017.405100707Z,
predict1R,NV,,0.035,4,2.06,https://planscore.org/plan.html?20260319T164817.078925260Z,
predict1R,NY,,0.059,26,18.0,https://planscore.org/plan.html?20260625T050137.556975619Z,
predict1R,OH,yes,-0.091,15,3.98,https://planscore.org/plan.html?20260311T232129.106128054Z,
predict1R,OK,,-0.116,5,0.0,https://planscore.org/plan.html?20260411T010012.811273672Z,
predict1R,OR,,0.163,6,4.95,https://planscore.org/plan.html?20260311T232219.099432469Z,
predict1R,PA,,-0.042,17,7.37,https://planscore.org/plan.html?20260319T164933.533679846Z,
predict1R,RI,,0.309,2,1.96,https://planscore.org/plan.html?20260625T222603.553510478Z,
predict1R,SC,,-0.154,7,1.03,https://planscore.org/plan.html?20260403T033037.553461186Z,
predict1R,SD,,-0.167,1,0.0,https://planscore.org/plan.html?20260403T033126.348369589Z,
predict1R,TN,yes,-0.17,9,0.0,https://planscore.org/plan.html?20260722T040807.930715221Z,
predict1R,TX,yes,-0.124,38,8.3,https://planscore.org/plan.html?20260701T174305.180414035Z,
predict1R,UT,yes,-0.015,4,0.99,https://planscore.org/plan.html?20260625T050622.812079562Z,
predict1R,VA,,-0.002,11,5.79,https://planscore.org/plan.html?20260805T152031.289528296Z,
predict1R,VT,,0.101,1,1.0,https://planscore.org/plan.html?20260606T032544.287883472Z,
predict1R,WA,,0.039,10,7.18,https://planscore.org/plan.html?20260805T152135.570854730Z,
predict1R,WI,,-0.189,8,2.07,https://planscore.org/plan.html?20260606T032734.013338804Z,
predict1R,WV,,-0.134,2,0.0,https://planscore.org/plan.html?20260305T215423.690219209Z,
predict1R,WY,,-0.011,1,0.0,https://planscore.org/plan.html?20260606T032835.114731088Z,
predict2R,AK,,-0.325,1,0.01,https://planscore.org/plan.html?20260606T031902.588764285Z,
predict2R,AL,yes,-0.036,7,1.06,https://planscore.org/plan.html?20260606T031940.478189926Z,
predict2R,AR,,-0.136,4,0.0,https://planscore.org/plan.html?20260308T032926.088277560Z,
predict2R,AZ,,-0.051,9,3.24,https://planscore.org/plan.html?20260722T235657.409997184Z,
predict2R,CA,yes,0.146,52,42.72,https://planscore.org/plan.html?20260625T222245.533406864Z,
predict2R,CO,,-0.058,8,4.18,https://planscore.org/plan.html?20260701T174010.043450993Z,
predict2R,CT,,0.294,5,4.9,https://planscore.org/plan.html?20260625T045427.846352462Z,
predict2R,DE,,0.315,1,0.99,https://planscore.org/plan.html?20260722T040453.384328354Z,
predict2R,FL,yes,-0.176,28,4.33,https://planscore.org/plan.html?20260625T045549.180102471Z,
predict2R,GA,,-0.088,14,4.96,https://planscore.org/plan.html?20260625T045715.500500130Z,
predict2R,HI,,0.181,2,2.0,https://planscore.org/plan.html?20260606T032056.794078295Z,
predict2R,IA,,-0.299,4,0.25,https://planscore.org/plan.html?20260319T164543.207507667Z,
predict2R,ID,,-0.118,2,0.0,https://planscore.org/plan.html?20260308T032207.923513558Z,
predict2R,IL,,0.175,17,13.1,https://planscore.org/plan.html?20260308T033502.624460482Z,
predict2R,IN,,-0.105,9,1.55,https://planscore.org/plan.html?20260305T214804.687620568Z,
predict2R,KS,,-0.118,4,0.82,https://planscore.org/plan.html?20260606T032149.471209630Z,
predict2R,KY,,-0.006,6,1.01,https://planscore.org/plan.html?20260308T033630.194007048Z,
predict2R,LA,yes,-0.049,6,1.0,https://planscore.org/plan.html?20260722T040605.321510507Z,
predict2R,MA,,0.185,9,8.99,https://planscore.org/plan.html?20260308T033817.513861746Z,
predict2R,MD,,0.067,8,6.81,https://planscore.org/plan.html?20260311T231859.221749217Z,
predict2R,ME,,-0.045,2,1.08,https://planscore.org/plan.html?20260319T164701.294151206Z,
predict2R,MI,,-0.018,13,5.94,https://planscore.org/plan.html?20260805T151816.223077228Z,
predict2R,MN,,-0.028,8,3.95,https://planscore.org/plan.html?20260606T032301.150991957Z,
predict2R,MO,yes,-0.151,8,1.01,https://planscore.org/plan.html?20260403T032743.771030588Z,
predict2R,MS,yes,0.025,4,1.0,https://planscore.org/plan.html?20260308T034221.792866002Z,
predict2R,MT,,-0.262,2,0.05,https://planscore.org/plan.html?20260311T001922.588435918Z,
predict2R,NC,yes,-0.216,14,3.21,https://planscore.org/plan.html?20260311T232012.161911847Z,
predict2R,ND,,-0.079,1,0.0,https://planscore.org/plan.html?20260411T005731.077012550Z,
predict2R,NE,,-0.009,3,0.71,https://planscore.org/plan.html?20260305T214943.673489893Z,
predict2R,NH,,0.179,2,1.44,https://planscore.org/plan.html?20260625T045913.618134545Z,
predict2R,NJ,,0.131,12,8.2,https://planscore.org/plan.html?20260625T050012.217486574Z,
predict2R,NM,,0.228,3,2.45,https://planscore.org/plan.html?20260305T215017.967809704Z,
predict2R,NV,,0.007,4,1.9,https://planscore.org/plan.html?20260319T164817.041227859Z,
predict2R,NY,,0.057,26,17.7,https://planscore.org/plan.html?20260625T050137.328405167Z,
predict2R,OH,yes,-0.089,15,3.85,https://planscore.org/plan.html?20260311T232129.562362929Z,
predict2R,OK,,-0.107,5,0.0,https://planscore.org/plan.html?20260411T010012.630274756Z,
predict2R,OR,,0.168,6,4.92,https://planscore.org/plan.html?20260311T232218.467805375Z,
predict2R,PA,,-0.04,17,7.25,https://planscore.org/plan.html?20260319T164933.946658042Z,
predict2R,RI,,0.316,2,1.95,https://planscore.org/plan.html?20260625T222603.308171366Z,
predict2R,SC,,-0.144,7,1.02,https://planscore.org/plan.html?20260403T033037.047242135Z,
predict2R,SD,,-0.157,1,0.0,https://planscore.org/plan.html?20260403T033126.350606520Z,
predict2R,TN,yes,-0.16,9,0.0,https://planscore.org/plan.html?20260722T040807.285275473Z,
predict2R,TX,yes,-0.116,38,8.23,https://planscore.org/plan.html?20260701T174304.851863995Z,
predict2R,UT,yes,-0.006,4,0.99,https://planscore.org/plan.html?20260625T050622.095621632Z,
predict2R,VA,,-0.004,11,5.66,https://planscore.org/plan.html?20260805T152025.981493600Z,
predict2R,VT,,0.109,1,1.0,https://planscore.org/plan.html?20260606T032544.137479997Z,
predict2R,WA,,0.04,10,7.08,https://planscore.org/plan.html?20260805T152135.312133959Z,
predict2R,WI,,-0.182,8,2.04,https://planscore.org/plan.html?20260606T032734.711354145Z,
predict2R,WV,,-0.125,2,0.0,https://planscore.org/plan.html?20260305T215422.912604010Z,
predict2R,WY,,-0.003,1,0.0,https://planscore.org/plan.html?20260606T032835.118817684Z,
predict3R,AK,,-0.317,1,0.01,https://planscore.org/plan.html?20260606T031849.955257841Z,
predict3R,AL,yes,-0.03,7,1.04,https://planscore.org/plan.html?20260606T031928.271879922Z,
predict3R,AR,,-0.127,4,0.0,https://planscore.org/plan.html?20260308T032921.019631348Z,
predict3R,AZ,,-0.057,9,3.09,https://planscore.org/plan.html?20260722T235632.886088167Z,
predict3R,CA,yes,0.139,52,41.79,https://planscore.org/plan.html?20260625T222133.631266326Z,
predict3R,CO,,-0.055,8,4.12,https://planscore.org/plan.html?20260701T173947.911791187Z,
predict3R,CT,,0.296,5,4.86,https://planscore.org/plan.html?20260625T045404.226914765Z,
predict3R,DE,,0.322,1,0.99,https://planscore.org/plan.html?20260722T040441.254224151Z,
predict3R,FL,yes,-0.169,28,4.23,https://planscore.org/plan.html?20260625T045516.253039609Z,
predict3R,GA,,-0.08,14,4.95,https://planscore.org/plan.html?20260625T045716.226496783Z,
predict3R,HI,,0.191,2,2.0,https://planscore.org/plan.html?20260606T032046.001807783Z,
predict3R,IA,,-0.302,4,0.19,https://planscore.org/plan.html?20260319T164519.761381031Z,
predict3R,ID,,-0.109,2,0.0,https://planscore.org/plan.html?20260308T032200.196238790Z,
predict3R,IL,,0.172,17,12.88,https://planscore.org/plan.html?20260308T033454.801492526Z,
predict3R,IN,,-0.102,9,1.48,https://planscore.org/plan.html?20260305T214741.180633915Z,
predict3R,KS,,-0.121,4,0.77,https://planscore.org/plan.html?20260606T032129.301896036Z,
predict3R,KY,,0.003,6,1.01,https://planscore.org/plan.html?20260308T033622.405466219Z,
predict3R,LA,yes,-0.041,6,1.0,https://planscore.org/plan.html?20260722T040541.320359004Z,
predict3R,MA,,0.195,9,8.98,https://planscore.org/plan.html?20260308T033816.839919291Z,
predict3R,MD,,0.069,8,6.75,https://planscore.org/plan.html?20260311T231835.014049712Z,
predict3R,ME,,-0.047,2,1.05,https://planscore.org/plan.html?20260319T164641.338578212Z,
predict3R,MI,,-0.021,13,5.77,https://planscore.org/plan.html?20260805T151816.799584100Z,
predict3R,MN,,-0.023,8,3.9,https://planscore.org/plan.html?20260606T032236.128514470Z,
predict3R,MO,yes,-0.142,8,1.01,https://planscore.org/plan.html?20260403T032718.651219049Z,
predict3R,MS,yes,0.034,4,1.0,https://planscore.org/plan.html?20260308T034212.564131683Z,
predict3R,MT,,-0.257,2,0.04,https://planscore.org/plan.html?20260311T001910.079010101Z,
predict3R,NC,yes,-0.21,14,3.15,https://planscore.org/plan.html?20260311T231948.335097905Z,
predict3R,ND,,-0.069,1,0.0,https://planscore.org/plan.html?20260411T005708.461707450Z,
predict3R,NE,,-0.024,3,0.64,https://planscore.org/plan.html?20260305T214930.341393287Z,
predict3R,NH,,0.137,2,1.33,https://planscore.org/plan.html?20260625T045900.370769239Z,
predict3R,NJ,,0.122,12,7.97,https://planscore.org/plan.html?20260625T050001.284280542Z,
predict3R,NM,,0.2,3,2.34,https://planscore.org/plan.html?20260305T215017.303687222Z,
predict3R,NV,,-0.031,4,1.7,https://planscore.org/plan.html?20260319T164753.559678566Z,
predict3R,NY,,0.055,26,17.38,https://planscore.org/plan.html?20260625T050122.494743827Z,
predict3R,OH,yes,-0.089,15,3.71,https://planscore.org/plan.html?20260311T232103.907955625Z,
predict3R,OK,,-0.097,5,0.0,https://planscore.org/plan.html?20260411T010011.860945488Z,
predict3R,OR,,0.171,6,4.88,https://planscore.org/plan.html?20260311T232211.324004013Z,
predict3R,PA,,-0.037,17,7.11,https://planscore.org/plan.html?20260319T164905.319822753Z,
predict3R,RI,,0.316,2,1.93,https://planscore.org/plan.html?20260625T222603.732331961Z,
predict3R,SC,,-0.135,7,1.01,https://planscore.org/plan.html?20260403T033013.375332407Z,
predict3R,SD,,-0.147,1,0.0,https://planscore.org/plan.html?20260403T033126.992095429Z,
predict3R,TN,yes,-0.151,9,0.0,https://planscore.org/plan.html?20260722T040741.196570026Z,
predict3R,TX,yes,-0.108,38,8.15,https://planscore.org/plan.html?20260701T174305.274603206Z,
predict3R,UT,yes,0.002,4,0.98,https://planscore.org/plan.html?20260625T050559.395509271Z,
predict3R,VA,,-0.007,11,5.52,https://planscore.org/plan.html?20260805T152000.909434764Z,
predict3R,VT,,0.119,1,1.0,https://planscore.org/plan.html?20260606T032544.576908267Z,
predict3R,WA,,0.038,10,6.96,https://planscore.org/plan.html?20260805T152134.826861146Z,
predict3R,WI,,-0.173,8,2.04,https://planscore.org/plan.html?20260606T032734.087638670Z,
predict3R,WV,,-0.115,2,0.0,https://planscore.org/plan.html?20260305T215410.985524917Z,
predict3R,WY,,0.007,1,0.0,https://planscore.org/plan.html?20260606T032834.675746875Z,
predict4R,AK,,-0.307,1,0.01,https://planscore.org/plan.html?20260606T031849.265023556Z,
predict4R,AL,yes,-0.022,7,1.03,https://planscore.org/plan.html?20260606T031928.646572568Z,
predict4R,AR,,-0.118,4,0.0,https://planscore.org/plan.html?20260308T032917.788651984Z,
predict4R,AZ,,-0.059,9,2.98,https://planscore.org/plan.html?20260722T235632.324797159Z,
predict4R,CA,yes,0.131,52,40.83,https://planscore.org/plan.html?20260625T222133.674428916Z,
predict4R,CO,,-0.051,8,4.07,https://planscore.org/plan.html?20260701T173946.359496220Z,
predict4R,CT,,0.297,5,4.81,https://planscore.org/plan.html?20260625T045404.294998316Z,
predict4R,DE,,0.328,1,0.98,https://planscore.org/plan.html?20260722T040441.982049458Z,
predict4R,FL,yes,-0.161,28,4.14,https://planscore.org/plan.html?20260625T045515.846979600Z,
predict4R,GA,,-0.074,14,4.91,https://planscore.org/plan.html?20260625T045715.905726442Z,
predict4R,HI,,0.201,2,2.0,https://planscore.org/plan.html?20260606T032043.161256126Z,
predict4R,IA,,-0.306,4,0.14,https://planscore.org/plan.html?20260319T164519.147177044Z,
predict4R,ID,,-0.099,2,0.0,https://planscore.org/plan.html?20260308T032200.199490413Z,
predict4R,IL,,0.168,17,12.64,https://planscore.org/plan.html?20260308T033444.029270162Z,
predict4R,IN,,-0.099,9,1.42,https://planscore.org/plan.html?20260305T214740.748390115Z,
predict4R,KS,,-0.12,4,0.73,https://planscore.org/plan.html?20260606T032125.840753160Z,
predict4R,KY,,0.012,6,1.0,https://planscore.org/plan.html?20260308T033620.320380008Z,
predict4R,LA,yes,-0.032,6,1.0,https://planscore.org/plan.html?20260722T040541.266464330Z,
predict4R,MA,,0.204,9,8.98,https://planscore.org/plan.html?20260308T033814.900670646Z,
predict4R,MD,,0.072,8,6.7,https://planscore.org/plan.html?20260311T231835.934031977Z,
predict4R,ME,,-0.045,2,1.04,https://planscore.org/plan.html?20260319T164638.953541241Z,
predict4R,MI,,-0.02,13,5.65,https://planscore.org/plan.html?20260805T151741.179045573Z,
predict4R,MN,,-0.019,8,3.86,https://planscore.org/plan.html?20260606T032237.657780454Z,
predict4R,MO,yes,-0.132,8,1.01,https://planscore.org/plan.html?20260403T032718.552439788Z,
predict4R,MS,yes,0.044,4,1.0,https://planscore.org/plan.html?20260308T034212.231892881Z,
predict4R,MT,,-0.254,2,0.02,https://planscore.org/plan.html?20260311T001910.075368034Z,
predict4R,NC,yes,-0.202,14,3.11,https://planscore.org/plan.html?20260311T231948.416192372Z,
predict4R,ND,,-0.061,1,0.0,https://planscore.org/plan.html?20260411T005708.864613021Z,
predict4R,NE,,-0.031,3,0.59,https://planscore.org/plan.html?20260305T214930.641488573Z,
predict4R,NH,,0.093,2,1.22,https://planscore.org/plan.html?20260625T045900.105843512Z,
predict4R,NJ,,0.114,12,7.75,https://planscore.org/plan.html?20260625T050000.480976418Z,
predict4R,NM,,0.171,3,2.22,https://planscore.org/plan.html?20260305T215009.753105888Z,
predict4R,NV,,-0.063,4,1.53,https://planscore.org/plan.html?20260319T164753.322440701Z,
predict4R,NY,,0.053,26,17.07,https://planscore.org/plan.html?20260625T050116.119042834Z,
predict4R,OH,yes,-0.088,15,3.57,https://planscore.org/plan.html?20260311T232104.299189527Z,
predict4R,OK,,-0.089,5,0.0,https://planscore.org/plan.html?20260411T010011.485784164Z,
predict4R,OR,,0.174,6,4.83,https://planscore.org/plan.html?20260311T232211.311895898Z,
predict4R,PA,,-0.034,17,7.01,https://planscore.org/plan.html?20260319T164905.769698294Z,
predict4R,RI,,0.312,2,1.9,https://planscore.org/plan.html?20260625T222550.406781441Z,
predict4R,SC,,-0.126,7,1.01,https://planscore.org/plan.html?20260403T033013.171547341Z,
predict4R,SD,,-0.137,1,0.0,https://planscore.org/plan.html?20260403T033126.053497474Z,
predict4R,TN,yes,-0.141,9,0.0,https://planscore.org/plan.html?20260722T040741.336702904Z,
predict4R,TX,yes,-0.099,38,8.11,https://planscore.org/plan.html?20260701T174304.625507641Z,
predict4R,UT,yes,0.011,4,0.98,https://planscore.org/plan.html?20260625T050558.971451451Z,
predict4R,VA,,-0.008,11,5.39,https://planscore.org/plan.html?20260805T151956.846554362Z,
predict4R,VT,,0.129,1,1.0,https://planscore.org/plan.html?20260606T032543.501194688Z,
predict4R,WA,,0.037,10,6.86,https://planscore.org/plan.html?20260805T152134.749740361Z,
predict4R,WI,,-0.164,8,2.03,https://planscore.org/plan.html?20260606T032733.823175798Z,
predict4R,WV,,-0.106,2,0.0,https://planscore.org/plan.html?20260305T215409.691962300Z,
predict4R,WY,,0.015,1,0.0,https://planscore.org/plan.html?20260606T032832.114766274Z,
predict5R,AK,,-0.298,1,0.01,https://planscore.org/plan.html?20260606T031849.486408285Z,
predict5R,AL,yes,-0.014,7,1.02,https://planscore.org/plan.html?20260606T031928.002416663Z,
predict5R,AR,,-0.108,4,0.0,https://planscore.org/plan.html?20260308T032917.054650405Z,
predict5R,AZ,,-0.062,9,2.86,https://planscore.org/plan.html?20260722T235633.597145465Z,
predict5R,CA,yes,0.118,52,39.63,https://planscore.org/plan.html?20260625T222133.160646590Z,
predict5R,CO,,-0.047,8,4.02,https://planscore.org/plan.html?20260701T173946.503979951Z,
predict5R,CT,,0.294,5,4.74,https://planscore.org/plan.html?20260625T045404.904277196Z,
predict5R,DE,,0.332,1,0.98,https://planscore.org/plan.html?20260722T040441.600503515Z,
predict5R,FL,yes,-0.154,28,4.07,https://planscore.org/plan.html?20260625T045515.839499154Z,
predict5R,GA,,-0.066,14,4.88,https://planscore.org/plan.html?20260625T045715.714769143Z,
predict5R,HI,,0.211,2,2.0,https://planscore.org/plan.html?20260606T032043.184837860Z,
predict5R,IA,,-0.303,4,0.1,https://planscore.org/plan.html?20260319T164519.556921346Z,
predict5R,ID,,-0.09,2,0.0,https://planscore.org/plan.html?20260308T032155.083908536Z,
predict5R,IL,,0.16,17,12.34,https://planscore.org/plan.html?20260308T033443.550465405Z,
predict5R,IN,,-0.097,9,1.35,https://planscore.org/plan.html?20260305T214740.766767586Z,
predict5R,KS,,-0.126,4,0.66,https://planscore.org/plan.html?20260606T032125.244611172Z,
predict5R,KY,,0.02,6,1.0,https://planscore.org/plan.html?20260308T033620.693584854Z,
predict5R,LA,yes,-0.024,6,1.0,https://planscore.org/plan.html?20260722T040541.929036963Z,
predict5R,MA,,0.213,9,8.96,https://planscore.org/plan.html?20260308T033813.571211863Z,
predict5R,MD,,0.072,8,6.62,https://planscore.org/plan.html?20260311T231834.737365257Z,
predict5R,ME,,-0.04,2,1.03,https://planscore.org/plan.html?20260319T164638.525370925Z,
predict5R,MI,,-0.021,13,5.49,https://planscore.org/plan.html?20260805T151741.315209412Z,
predict5R,MN,,-0.015,8,3.81,https://planscore.org/plan.html?20260606T032237.350423469Z,
predict5R,MO,yes,-0.123,8,1.0,https://planscore.org/plan.html?20260403T032718.509703998Z,
predict5R,MS,yes,0.053,4,1.0,https://planscore.org/plan.html?20260308T034211.342584794Z,
predict5R,MT,,-0.246,2,0.02,https://planscore.org/plan.html?20260311T001909.954851097Z,
predict5R,NC,yes,-0.194,14,3.08,https://planscore.org/plan.html?20260311T231948.704167551Z,
predict5R,ND,,-0.051,1,0.0,https://planscore.org/plan.html?20260411T005708.611804844Z,
predict5R,NE,,-0.047,3,0.51,https://planscore.org/plan.html?20260305T214930.655689265Z,
predict5R,NH,,0.038,2,1.09,https://planscore.org/plan.html?20260625T045900.134720508Z,
predict5R,NJ,,0.102,12,7.47,https://planscore.org/plan.html?20260625T050000.428305800Z,
predict5R,NM,,0.146,3,2.11,https://planscore.org/plan.html?20260305T215009.871223118Z,
predict5R,NV,,-0.102,4,1.33,https://planscore.org/plan.html?20260319T164753.714269400Z,
predict5R,NY,,0.05,26,16.72,https://planscore.org/plan.html?20260625T050115.538716313Z,
predict5R,OH,yes,-0.088,15,3.42,https://planscore.org/plan.html?20260311T232104.025976043Z,
predict5R,OK,,-0.079,5,0.0,https://planscore.org/plan.html?20260411T010012.232186637Z,
predict5R,OR,,0.175,6,4.78,https://planscore.org/plan.html?20260311T232211.230476011Z,
predict5R,PA,,-0.031,17,6.88,https://planscore.org/plan.html?20260319T164905.678406789Z,
predict5R,RI,,0.304,2,1.86,https://planscore.org/plan.html?20260625T222550.142167211Z,
predict5R,SC,,-0.116,7,1.0,https://planscore.org/plan.html?20260403T033013.821966530Z,
predict5R,SD,,-0.127,1,0.0,https://planscore.org/plan.html?20260403T033126.102201915Z,
predict5R,TN,yes,-0.131,9,0.0,https://planscore.org/plan.html?20260722T040741.522886525Z,
predict5R,TX,yes,-0.09,38,8.07,https://planscore.org/plan.html?20260701T174152.328951968Z,
predict5R,UT,yes,0.018,4,0.97,https://planscore.org/plan.html?20260625T050558.379317303Z,
predict5R,VA,,-0.012,11,5.23,https://planscore.org/plan.html?20260805T151956.159602870Z,
predict5R,VT,,0.139,1,1.0,https://planscore.org/plan.html?20260606T032543.002836549Z,
predict5R,WA,,0.035,10,6.73,https://planscore.org/plan.html?20260805T152134.019447638Z,
predict5R,WI,,-0.156,8,2.02,https://planscore.org/plan.html?20260606T032733.136656709Z,
predict5R,WV,,-0.097,2,0.0,https://planscore.org/plan.html?20260305T215409.304237464Z,
predict5R,WY,,0.023,1,0.0,https://planscore.org/plan.html?20260606T032823.137796212Z,
predict6R,AK,,-0.291,1,0.0,https://planscore.org/plan.html?20260606T031849.474738412Z,
predict6R,AL,yes,-0.006,7,1.01,https://planscore.org/plan.html?20260606T031928.677932331Z,
predict6R,AR,,-0.099,4,0.0,https://planscore.org/plan.html?20260308T032917.876224448Z,
predict6R,AZ,,-0.06,9,2.78,https://planscore.org/plan.html?20260722T235632.883684237Z,
predict6R,CA,yes,0.107,52,38.51,https://planscore.org/plan.html?20260625T222133.739088998Z,
predict6R,CO,,-0.041,8,3.99,https://planscore.org/plan.html?20260701T173946.633603324Z,
predict6R,CT,,0.288,5,4.66,https://planscore.org/plan.html?20260625T045404.195100567Z,
predict6R,DE,,0.331,1,0.97,https://planscore.org/plan.html?20260722T040441.819944071Z,
predict6R,FL,yes,-0.145,28,4.03,https://planscore.org/plan.html?20260625T045515.785821389Z,
predict6R,GA,,-0.06,14,4.83,https://planscore.org/plan.html?20260625T045713.479278397Z,
predict6R,HI,,0.222,2,2.0,https://planscore.org/plan.html?20260606T032043.381994918Z,
predict6R,IA,,-0.299,4,0.08,https://planscore.org/plan.html?20260319T164519.058840545Z,
predict6R,ID,,-0.081,2,0.0,https://planscore.org/plan.html?20260308T032154.673461229Z,
predict6R,IL,,0.152,17,12.04,https://planscore.org/plan.html?20260308T033443.879680976Z,
predict6R,IN,,-0.094,9,1.29,https://planscore.org/plan.html?20260305T214740.124716123Z,
predict6R,KS,,-0.126,4,0.62,https://planscore.org/plan.html?20260606T032125.164314325Z,
predict6R,KY,,0.028,6,1.0,https://planscore.org/plan.html?20260308T033618.519038573Z,
predict6R,LA,yes,-0.015,6,1.0,https://planscore.org/plan.html?20260722T040541.748464258Z,
predict6R,MA,,0.221,9,8.95,https://planscore.org/plan.html?20260308T033809.142546480Z,
predict6R,MD,,0.073,8,6.56,https://planscore.org/plan.html?20260805T151901.636911278Z,
predict6R,ME,,-0.031,2,1.02,https://planscore.org/plan.html?20260319T164637.381728028Z,
predict6R,MI,,-0.022,13,5.35,https://planscore.org/plan.html?20260805T151741.883020604Z,
predict6R,MN,,-0.01,8,3.77,https://planscore.org/plan.html?20260606T032237.276099057Z,
predict6R,MO,yes,-0.115,8,1.0,https://planscore.org/plan.html?20260403T032718.683428914Z,
predict6R,MS,yes,0.062,4,1.0,https://planscore.org/plan.html?20260308T034211.334548163Z,
predict6R,MT,,-0.239,2,0.01,https://planscore.org/plan.html?20260701T174245.366727185Z,
predict6R,NC,yes,-0.185,14,3.06,https://planscore.org/plan.html?20260311T231948.659527301Z,
predict6R,ND,,-0.043,1,0.0,https://planscore.org/plan.html?20260411T005707.819600988Z,
predict6R,NE,,-0.062,3,0.44,https://planscore.org/plan.html?20260305T214930.226827282Z,
predict6R,NH,,-0.013,2,0.97,https://planscore.org/plan.html?20260625T045900.552469735Z,
predict6R,NJ,,0.095,12,7.26,https://planscore.org/plan.html?20260625T045951.045451619Z,
predict6R,NM,,0.117,3,1.99,https://planscore.org/plan.html?20260305T215009.751010777Z,
predict6R,NV,,-0.133,4,1.17,https://planscore.org/plan.html?20260319T164753.357155957Z,
predict6R,NY,,0.047,26,16.41,https://planscore.org/plan.html?20260625T050114.120271529Z,
predict6R,OH,yes,-0.088,15,3.27,https://planscore.org/plan.html?20260311T232103.363255782Z,
predict6R,OK,,-0.071,5,0.0,https://planscore.org/plan.html?20260411T010011.317544747Z,
predict6R,OR,,0.171,6,4.7,https://planscore.org/plan.html?20260701T174304.195321870Z,
predict6R,PA,,-0.028,17,6.76,https://planscore.org/plan.html?20260319T164904.296276837Z,
predict6R,RI,,0.296,2,1.82,https://planscore.org/plan.html?20260625T222550.285997171Z,
predict6R,SC,,-0.106,7,1.0,https://planscore.org/plan.html?20260403T033013.691943652Z,
predict6R,SD,,-0.119,1,0.0,https://planscore.org/plan.html?20260403T033126.832181451Z,
predict6R,TN,yes,-0.122,9,0.0,https://planscore.org/plan.html?20260722T040740.885073019Z,
predict6R,TX,yes,-0.081,38,8.04,https://planscore.org/plan.html?20260701T174153.625370992Z,
predict6R,UT,yes,0.026,4,0.96,https://planscore.org/plan.html?20260625T050558.771127402Z,
predict6R,VA,,-0.014,11,5.11,https://planscore.org/plan.html?20260805T151956.459578161Z,
predict6R,VT,,0.149,1,1.0,https://planscore.org/plan.html?20260606T032542.310317807Z,
predict6R,WA,,0.035,10,6.63,https://planscore.org/plan.html?20260805T152132.768342670Z,
predict6R,WI,,-0.146,8,2.01,https://planscore.org/plan.html?20260606T032726.240757686Z,
predict6R,WV,,-0.087,2,0.0,https://planscore.org/plan.html?20260305T215409.279504977Z,
predict6R,WY,,0.031,1,0.0,https://planscore.org/plan.html?20260606T032822.924797568Z,
predict7R,AK,,-0.279,1,0.0,https://planscore.org/plan.html?20260606T031849.860935744Z,
predict7R,AL,yes,0.001,7,1.0,https://planscore.org/plan.html?20260606T031928.898905287Z,
predict7R,AR,,-0.09,4,0.0,https://planscore.org/plan.html?20260308T032917.423047302Z,
predict7R,AZ,,-0.061,9,2.68,https://planscore.org/plan.html?20260722T235632.739317183Z,
predict7R,CA,yes,0.09,52,37.1,https://planscore.org/plan.html?20260625T222133.826744180Z,
predict7R,CO,,-0.036,8,3.94,https://planscore.org/plan.html?20260701T173946.720865315Z,
predict7R,CT,,0.277,5,4.54,https://planscore.org/plan.html?20260625T045404.820408430Z,
predict7R,DE,,0.334,1,0.96,https://planscore.org/plan.html?20260722T040440.500330818Z,
predict7R,FL,yes,-0.137,28,3.97,https://planscore.org/plan.html?20260625T045515.111652030Z,
predict7R,GA,,-0.054,14,4.78,https://planscore.org/plan.html?20260625T045712.493119579Z,
predict7R,HI,,0.232,2,2.0,https://planscore.org/plan.html?20260606T032043.874664861Z,
predict7R,IA,,-0.293,4,0.05,https://planscore.org/plan.html?20260319T164519.508072628Z,
predict7R,ID,,-0.072,2,0.0,https://planscore.org/plan.html?20260308T032154.119822361Z,
predict7R,IL,,0.142,17,11.68,https://planscore.org/plan.html?20260308T033443.986112237Z,
predict7R,IN,,-0.089,9,1.25,https://planscore.org/plan.html?20260305T214740.838595016Z,
predict7R,KS,,-0.129,4,0.57,https://planscore.org/plan.html?20260606T032125.240887772Z,
predict7R,KY,,0.036,6,0.99,https://planscore.org/plan.html?20260308T033617.436681222Z,
predict7R,LA,yes,-0.007,6,1.0,https://planscore.org/plan.html?20260722T040541.657347761Z,
predict7R,MA,,0.228,9,8.92,https://planscore.org/plan.html?20260308T033807.671914655Z,
predict7R,MD,,0.072,8,6.47,https://planscore.org/plan.html?20260311T231835.392069639Z,
predict7R,ME,,-0.024,2,1.01,https://planscore.org/plan.html?20260319T164637.573732334Z,
predict7R,MI,,-0.025,13,5.18,https://planscore.org/plan.html?20260805T151741.955402598Z,
predict7R,MN,,-0.009,8,3.7,https://planscore.org/plan.html?20260606T032237.918660311Z,
predict7R,MO,yes,-0.105,8,1.0,https://planscore.org/plan.html?20260403T032718.520793476Z,
predict7R,MS,yes,0.072,4,1.0,https://planscore.org/plan.html?20260308T034211.916620211Z,
predict7R,MT,,-0.229,2,0.01,https://planscore.org/plan.html?20260311T001909.839588381Z,
predict7R,NC,yes,-0.176,14,3.04,https://planscore.org/plan.html?20260311T231947.058379694Z,
predict7R,ND,,-0.033,1,0.0,https://planscore.org/plan.html?20260411T005707.094528618Z,
predict7R,NE,,-0.07,3,0.39,https://planscore.org/plan.html?20260305T214930.042428097Z,
predict7R,NH,,-0.059,2,0.85,https://planscore.org/plan.html?20260625T045900.765106828Z,
predict7R,NJ,,0.081,12,6.97,https://planscore.org/plan.html?20260625T045950.430205084Z,
predict7R,NM,,0.083,3,1.85,https://planscore.org/plan.html?20260305T215009.789729772Z,
predict7R,NV,,-0.169,4,0.98,https://planscore.org/plan.html?20260319T164753.927868227Z,
predict7R,NY,,0.044,26,16.04,https://planscore.org/plan.html?20260625T050112.045701757Z,
predict7R,OH,yes,-0.089,15,3.11,https://planscore.org/plan.html?20260311T232103.728341756Z,
predict7R,OK,,-0.061,5,0.0,https://planscore.org/plan.html?20260411T010011.611127762Z,
predict7R,OR,,0.167,6,4.61,https://planscore.org/plan.html?20260311T232211.579457316Z,
predict7R,PA,,-0.024,17,6.66,https://planscore.org/plan.html?20260319T164905.470490266Z,
predict7R,RI,,0.282,2,1.78,https://planscore.org/plan.html?20260625T222550.722915107Z,
predict7R,SC,,-0.097,7,1.0,https://planscore.org/plan.html?20260403T033013.231326116Z,
predict7R,SD,,-0.109,1,0.0,https://planscore.org/plan.html?20260403T033126.067376330Z,
predict7R,TN,yes,-0.113,9,0.0,https://planscore.org/plan.html?20260722T040741.977498991Z,
predict7R,TX,yes,-0.072,38,8.01,https://planscore.org/plan.html?20260701T174153.895601186Z,
predict7R,UT,yes,0.033,4,0.95,https://planscore.org/plan.html?20260625T050558.865105314Z,
predict7R,VA,,-0.016,11,4.96,https://planscore.org/plan.html?20260805T151956.146787816Z,
predict7R,VT,,0.157,1,1.0,https://planscore.org/plan.html?20260606T032533.905029652Z,
predict7R,WA,,0.035,10,6.53,https://planscore.org/plan.html?20260805T152131.177033610Z,
predict7R,WI,,-0.136,8,2.01,https://planscore.org/plan.html?20260606T032723.649882436Z,
predict7R,WV,,-0.077,2,0.0,https://planscore.org/plan.html?20260305T215409.556485046Z,
predict7R,WY,,0.039,1,0.0,https://planscore.org/plan.html?20260606T032822.176978123Z,
predict8R,AK,,-0.27,1,0.0,https://planscore.org/plan.html?20260606T031849.089276306Z,
predict8R,AL,yes,0.008,7,0.99,https://planscore.org/plan.html?20260606T031926.164276624Z,
predict8R,AR,,-0.081,4,0.0,https://planscore.org/plan.html?20260308T032913.607479327Z,
predict8R,AZ,,-0.06,9,2.6,https://planscore.org/plan.html?20260722T235632.988878668Z,
predict8R,CA,yes,0.075,52,35.8,https://planscore.org/plan.html?20260625T222133.891772544Z,
predict8R,CO,,-0.032,8,3.89,https://planscore.org/plan.html?20260701T173946.415377971Z,
predict8R,CT,,0.267,5,4.44,https://planscore.org/plan.html?20260625T045340.087624147Z,
predict8R,DE,,0.33,1,0.94,https://planscore.org/plan.html?20260722T040441.274434728Z,
predict8R,FL,yes,-0.128,28,3.92,https://planscore.org/plan.html?20260625T045513.643852827Z,
predict8R,GA,,-0.048,14,4.74,https://planscore.org/plan.html?20260625T045651.636533547Z,
predict8R,HI,,0.242,2,2.0,https://planscore.org/plan.html?20260606T032043.753387255Z,
predict8R,IA,,-0.288,4,0.04,https://planscore.org/plan.html?20260319T164519.176743377Z,
predict8R,ID,,-0.062,2,0.0,https://planscore.org/plan.html?20260308T032154.263326060Z,
predict8R,IL,,0.13,17,11.31,https://planscore.org/plan.html?20260308T033441.279282371Z,
predict8R,IN,,-0.085,9,1.2,https://planscore.org/plan.html?20260305T214740.011035806Z,
predict8R,KS,,-0.136,4,0.5,https://planscore.org/plan.html?20260606T032125.465766835Z,
predict8R,KY,,0.045,6,0.99,https://planscore.org/plan.html?20260308T033617.361733433Z,
predict8R,LA,yes,0.001,6,1.0,https://planscore.org/plan.html?20260722T040541.087740041Z,
predict8R,MA,,0.235,9,8.89,https://planscore.org/plan.html?20260625T222617.024464918Z,
predict8R,MD,,0.073,8,6.4,https://planscore.org/plan.html?20260311T231834.955876352Z,
predict8R,ME,,-0.017,2,1.01,https://planscore.org/plan.html?20260319T164637.404744143Z,
predict8R,MI,,-0.026,13,5.03,https://planscore.org/plan.html?20260805T151741.401076166Z,
predict8R,MN,,-0.006,8,3.63,https://planscore.org/plan.html?20260606T032237.139321346Z,
predict8R,MO,yes,-0.096,8,1.0,https://planscore.org/plan.html?20260403T032718.929101365Z,
predict8R,MS,yes,0.081,4,1.0,https://planscore.org/plan.html?20260308T034209.023389565Z,
predict8R,MT,,-0.222,2,0.0,https://planscore.org/plan.html?20260311T001909.331084721Z,
predict8R,NC,yes,-0.167,14,3.03,https://planscore.org/plan.html?20260311T231946.797754227Z,
predict8R,ND,,-0.025,1,0.0,https://planscore.org/plan.html?20260411T005707.189112744Z,
predict8R,NE,,-0.085,3,0.31,https://planscore.org/plan.html?20260305T214929.274564351Z,
predict8R,NH,,-0.114,2,0.72,https://planscore.org/plan.html?20260625T045900.452194002Z,
predict8R,NJ,,0.07,12,6.71,https://planscore.org/plan.html?20260625T045950.591345067Z,
predict8R,NM,,0.048,3,1.71,https://planscore.org/plan.html?20260305T215004.037059051Z,
predict8R,NV,,-0.195,4,0.82,https://planscore.org/plan.html?20260319T164753.716614271Z,
predict8R,NY,,0.042,26,15.72,https://planscore.org/plan.html?20260625T050100.595042455Z,
predict8R,OH,yes,-0.088,15,2.97,https://planscore.org/plan.html?20260311T232103.646514819Z,
predict8R,OK,,-0.052,5,0.0,https://planscore.org/plan.html?20260411T005946.752506940Z,
predict8R,OR,,0.16,6,4.5,https://planscore.org/plan.html?20260311T232157.413225091Z,
predict8R,PA,,-0.021,17,6.54,https://planscore.org/plan.html?20260319T164857.114170586Z,
predict8R,RI,,0.266,2,1.72,https://planscore.org/plan.html?20260625T222550.476002406Z,
predict8R,SC,,-0.087,7,1.0,https://planscore.org/plan.html?20260403T033013.633204301Z,
predict8R,SD,,-0.099,1,0.0,https://planscore.org/plan.html?20260403T033112.760849650Z,
predict8R,TN,yes,-0.104,9,0.0,https://planscore.org/plan.html?20260722T040740.194928432Z,
predict8R,TX,yes,-0.063,38,7.98,https://planscore.org/plan.html?20260701T174152.615220311Z,
predict8R,UT,yes,0.036,4,0.92,https://planscore.org/plan.html?20260625T050535.550247503Z,
predict8R,VA,,-0.019,11,4.83,https://planscore.org/plan.html?20260805T151956.928710495Z,
predict8R,VT,,0.167,1,1.0,https://planscore.org/plan.html?20260606T032530.066088742Z,
predict8R,WA,,0.032,10,6.41,https://planscore.org/plan.html?20260805T152110.330466703Z,
predict8R,WI,,-0.126,8,2.01,https://planscore.org/plan.html?20260606T032709.091594880Z,
predict8R,WV,,-0.069,2,0.0,https://planscore.org/plan.html?20260305T215357.465926347Z,
predict8R,WY,,0.047,1,0.0,https://planscore.org/plan.html?20260606T032822.082864237Z,
predict9R,AK,,-0.26,1,0.0,https://planscore.org/plan.html?20260606T031849.999349955Z,
predict9R,AL,yes,0.015,7,0.97,https://planscore.org/plan.html?20260606T031925.625892564Z,
predict9R,AR,,-0.072,4,0.0,https://planscore.org/plan.html?20260308T032913.030428005Z,
predict9R,AZ,,-0.059,9,2.51,https://planscore.org/plan.html?20260722T235632.282478826Z,
predict9R,CA,yes,0.058,52,34.35,https://planscore.org/plan.html?20260625T222133.039851554Z,
predict9R,CO,,-0.029,8,3.83,https://planscore.org/plan.html?20260701T173945.003155816Z,
predict9R,CT,,0.251,5,4.31,https://planscore.org/plan.html?20260625T045340.645893974Z,
predict9R,DE,,0.323,1,0.92,https://planscore.org/plan.html?20260722T040440.288346604Z,
predict9R,FL,yes,-0.12,28,3.87,https://planscore.org/plan.html?20260625T045511.979758110Z,
predict9R,GA,,-0.043,14,4.67,https://planscore.org/plan.html?20260625T045651.846556331Z,
predict9R,HI,,0.252,2,2.0,https://planscore.org/plan.html?20260606T032043.797334615Z,
predict9R,IA,,-0.28,4,0.02,https://planscore.org/plan.html?20260319T164519.111343174Z,
predict9R,ID,,-0.053,2,0.0,https://planscore.org/plan.html?20260308T032154.268974085Z,
predict9R,IL,,0.122,17,11.0,https://planscore.org/plan.html?20260308T033437.655071173Z,
predict9R,IN,,-0.079,9,1.16,https://planscore.org/plan.html?20260305T214740.565435642Z,
predict9R,KS,,-0.141,4,0.44,https://planscore.org/plan.html?20260606T032125.651068951Z,
predict9R,KY,,0.052,6,0.98,https://planscore.org/plan.html?20260308T033617.788872562Z,
predict9R,LA,yes,0.01,6,1.0,https://planscore.org/plan.html?20260722T040541.178788566Z,
predict9R,MA,,0.24,9,8.85,https://planscore.org/plan.html?20260308T033805.992047227Z,
predict9R,MD,,0.073,8,6.32,https://planscore.org/plan.html?20260311T231834.145755960Z,
predict9R,ME,,-0.009,2,1.0,https://planscore.org/plan.html?20260319T164637.881136082Z,
predict9R,MI,,-0.026,13,4.9,https://planscore.org/plan.html?20260805T151741.334611310Z,
predict9R,MN,,-0.005,8,3.56,https://planscore.org/plan.html?20260606T032236.994107965Z,
predict9R,MO,yes,-0.087,8,1.0,https://planscore.org/plan.html?20260403T032718.332942816Z,
predict9R,MS,yes,0.089,4,1.0,https://planscore.org/plan.html?20260308T034208.510404571Z,
predict9R,MT,,-0.212,2,0.0,https://planscore.org/plan.html?20260311T001909.931047660Z,
predict9R,NC,yes,-0.157,14,3.02,https://planscore.org/plan.html?20260311T231946.708347788Z,
predict9R,ND,,-0.017,1,0.0,https://planscore.org/plan.html?20260411T005707.893325017Z,
predict9R,NE,,-0.094,3,0.26,https://planscore.org/plan.html?20260305T214929.639523648Z,
predict9R,NH,,-0.16,2,0.61,https://planscore.org/plan.html?20260625T045900.228301936Z,
predict9R,NJ,,0.056,12,6.42,https://planscore.org/plan.html?20260625T045947.106994186Z,
predict9R,NM,,0.01,3,1.57,https://planscore.org/plan.html?20260305T215004.041249829Z,
predict9R,NV,,-0.218,4,0.7,https://planscore.org/plan.html?20260319T164753.348557467Z,
predict9R,NY,,0.038,26,15.37,https://planscore.org/plan.html?20260625T050100.497993936Z,
predict9R,OH,yes,-0.087,15,2.84,https://planscore.org/plan.html?20260311T232103.503107857Z,
predict9R,OK,,-0.044,5,0.0,https://planscore.org/plan.html?20260411T005946.518714069Z,
predict9R,OR,,0.146,6,4.36,https://planscore.org/plan.html?20260311T232157.119241817Z,
predict9R,PA,,-0.019,17,6.4,https://planscore.org/plan.html?20260319T164857.183140251Z,
predict9R,RI,,0.249,2,1.67,https://planscore.org/plan.html?20260625T222550.544711291Z,
predict9R,SC,,-0.077,7,1.0,https://planscore.org/plan.html?20260403T033013.069690995Z,
predict9R,SD,,-0.089,1,0.0,https://planscore.org/plan.html?20260403T033103.372304575Z,
predict9R,TN,yes,-0.094,9,0.0,https://planscore.org/plan.html?20260722T040741.741615912Z,
predict9R,TX,yes,-0.054,38,7.95,https://planscore.org/plan.html?20260701T174152.963318016Z,
predict9R,UT,yes,0.041,4,0.91,https://planscore.org/plan.html?20260625T050534.422879279Z,
predict9R,VA,,-0.02,11,4.7,https://planscore.org/plan.html?20260805T151956.049119054Z,
predict9R,VT,,0.177,1,1.0,https://planscore.org/plan.html?20260606T032529.602405019Z,
predict9R,WA,,0.032,10,6.3,https://planscore.org/plan.html?20260805T152110.597960657Z,
predict9R,WI,,-0.117,8,2.0,https://planscore.org/plan.html?20260606T032709.315100567Z,
predict9R,WV,,-0.059,2,0.0,https://planscore.org/plan.html?20260305T215357.260747222Z,
predict9R,WY,,0.055,1,0.0,https://planscore.org/plan.html?20260606T032822.391332126Z,
predict10R,AK,,-0.249,1,0.0,https://planscore.org/plan.html?20260606T031849.001287680Z,
predict10R,AL,yes,0.021,7,0.95,https://planscore.org/plan.html?20260606T031925.695249759Z,
predict10R,AR,,-0.062,4,0.0,https://planscore.org/plan.html?20260308T032913.546728216Z,
predict10R,AZ,,-0.057,9,2.44,https://planscore.org/plan.html?20260722T235632.247316577Z,
predict10R,CA,yes,0.04,52,32.86,https://planscore.org/plan.html?20260625T222133.508048759Z,
predict10R,CO,,-0.028,8,3.76,https://planscore.org/plan.html?20260701T173946.240041590Z,
predict10R,CT,,0.231,5,4.15,https://planscore.org/plan.html?20260625T045340.492992058Z,
predict10R,DE,,0.303,1,0.89,https://planscore.org/plan.html?20260722T040440.840088060Z,
predict10R,FL,yes,-0.112,28,3.81,https://planscore.org/plan.html?20260625T045504.032965280Z,
predict10R,GA,,-0.039,14,4.6,https://planscore.org/plan.html?20260625T045651.928138415Z,
predict10R,HI,,0.264,2,2.0,https://planscore.org/plan.html?20260606T032043.821566807Z,
predict10R,IA,,-0.27,4,0.02,https://planscore.org/plan.html?20260319T164519.357098572Z,
predict10R,ID,,-0.044,2,0.0,https://planscore.org/plan.html?20260308T032154.326381777Z,
predict10R,IL,,0.11,17,10.63,https://planscore.org/plan.html?20260308T033436.816841192Z,
predict10R,IN,,-0.073,9,1.12,https://planscore.org/plan.html?20260305T214740.455583815Z,
predict10R,KS,,-0.149,4,0.36,https://planscore.org/plan.html?20260606T032125.649476096Z,
predict10R,KY,,0.06,6,0.98,https://planscore.org/plan.html?20260308T033617.479859328Z,
predict10R,LA,yes,0.019,6,1.0,https://planscore.org/plan.html?20260722T040540.047006447Z,
predict10R,MA,,0.245,9,8.8,https://planscore.org/plan.html?20260308T033804.260957036Z,
predict10R,MD,,0.071,8,6.23,https://planscore.org/plan.html?20260311T231835.060723073Z,
predict10R,ME,,-0.002,2,0.99,https://planscore.org/plan.html?20260319T164637.430358165Z,
predict10R,MI,,-0.027,13,4.75,https://planscore.org/plan.html?20260805T151741.279069598Z,
predict10R,MN,,-0.005,8,3.48,https://planscore.org/plan.html?20260606T032236.567548527Z,
predict10R,MO,yes,-0.077,8,1.0,https://planscore.org/plan.html?20260403T032718.280888803Z,
predict10R,MS,yes,0.098,4,1.0,https://planscore.org/plan.html?20260308T034203.217427632Z,
predict10R,MT,,-0.201,2,0.0,https://planscore.org/plan.html?20260311T001909.368490491Z,
predict10R,NC,yes,-0.147,14,3.01,https://planscore.org/plan.html?20260311T231946.569912123Z,
predict10R,ND,,-0.007,1,0.0,https://planscore.org/plan.html?20260411T005707.754195138Z,
predict10R,NE,,-0.104,3,0.2,https://planscore.org/plan.html?20260305T214929.731697751Z,
predict10R,NH,,-0.203,2,0.5,https://planscore.org/plan.html?20260625T045900.262259239Z,
predict10R,NJ,,0.042,12,6.12,https://planscore.org/plan.html?20260625T045947.661855495Z,
predict10R,NM,,-0.037,3,1.39,https://planscore.org/plan.html?20260305T215003.453718598Z,
predict10R,NV,,-0.239,4,0.56,https://planscore.org/plan.html?20260319T164753.894065685Z,
predict10R,NY,,0.032,26,14.96,https://planscore.org/plan.html?20260625T050100.436200747Z,
predict10R,OH,yes,-0.086,15,2.72,https://planscore.org/plan.html?20260311T232103.712265903Z,
predict10R,OK,,-0.035,5,0.0,https://planscore.org/plan.html?20260411T005947.027882955Z,
predict10R,OR,,0.132,6,4.21,https://planscore.org/plan.html?20260311T232157.528227010Z,
predict10R,PA,,-0.018,17,6.25,https://planscore.org/plan.html?20260319T164857.059669790Z,
predict10R,RI,,0.213,2,1.57,https://planscore.org/plan.html?20260625T222550.880587193Z,
predict10R,SC,,-0.068,7,1.0,https://planscore.org/plan.html?20260403T033013.126320442Z,
predict10R,SD,,-0.081,1,0.0,https://planscore.org/plan.html?20260403T033102.051310585Z,
predict10R,TN,yes,-0.085,9,0.0,https://planscore.org/plan.html?20260722T040740.298638758Z,
predict10R,TX,yes,-0.045,38,7.92,https://planscore.org/plan.html?20260701T174152.245947621Z,
predict10R,UT,yes,0.042,4,0.87,https://planscore.org/plan.html?20260625T050534.961316526Z,
predict10R,VA,,-0.022,11,4.56,https://planscore.org/plan.html?20260805T151956.045042678Z,
predict10R,VT,,0.189,1,1.0,https://planscore.org/plan.html?20260606T032520.986191408Z,
predict10R,WA,,0.028,10,6.16,https://planscore.org/plan.html?20260805T152110.173507932Z,
predict10R,WI,,-0.107,8,2.0,https://planscore.org/plan.html?20260606T032709.849353691Z,
predict10R,WV,,-0.05,2,0.0,https://planscore.org/plan.html?20260305T215356.700287140Z,
predict10R,WY,,0.063,1,0.0,https://planscore.org/plan.html?20260606T032822.818942947Z,
predict11R,AK,,-0.239,1,0.0,https://planscore.org/plan.html?20260606T031849.338637063Z,
predict11R,AL,yes,0.028,7,0.94,https://planscore.org/plan.html?20260606T031915.994178676Z,
predict11R,AR,,-0.053,4,0.0,https://planscore.org/plan.html?20260308T032913.720867359Z,
predict11R,AZ,,-0.054,9,2.37,https://planscore.org/plan.html?20260722T235632.511588005Z,
predict11R,CA,yes,0.026,52,31.58,https://planscore.org/plan.html?20260625T222133.943771223Z,
predict11R,CO,,-0.026,8,3.69,https://planscore.org/plan.html?20260701T173945.406447829Z,
predict11R,CT,,0.211,5,3.99,https://planscore.org/plan.html?20260625T045340.958330384Z,
predict11R,DE,,0.282,1,0.86,https://planscore.org/plan.html?20260722T040441.348591464Z,
predict11R,FL,yes,-0.104,28,3.75,https://planscore.org/plan.html?20260625T045500.557976873Z,
predict11R,GA,,-0.033,14,4.54,https://planscore.org/plan.html?20260625T045639.293309984Z,
predict11R,HI,,0.274,2,2.0,https://planscore.org/plan.html?20260606T032043.109412735Z,
predict11R,IA,,-0.261,4,0.01,https://planscore.org/plan.html?20260319T164519.801864679Z,
predict11R,ID,,-0.036,2,0.0,https://planscore.org/plan.html?20260308T032154.472683592Z,
predict11R,IL,,0.099,17,10.26,https://planscore.org/plan.html?20260308T033436.417573627Z,
predict11R,IN,,-0.067,9,1.09,https://planscore.org/plan.html?20260305T214739.604643252Z,
predict11R,KS,,-0.151,4,0.32,https://planscore.org/plan.html?20260606T032125.458206781Z,
predict11R,KY,,0.067,6,0.97,https://planscore.org/plan.html?20260308T033616.256539219Z,
predict11R,LA,yes,0.027,6,1.0,https://planscore.org/plan.html?20260722T040540.154001158Z,
predict11R,MA,,0.247,9,8.72,https://planscore.org/plan.html?20260308T033802.962319012Z,
predict11R,MD,,0.07,8,6.14,https://planscore.org/plan.html?20260311T231835.751430600Z,
predict11R,ME,,0.006,2,0.99,https://planscore.org/plan.html?20260319T164637.294924250Z,
predict11R,MI,,-0.027,13,4.62,https://planscore.org/plan.html?20260805T151741.678768320Z,
predict11R,MN,,-0.002,8,3.42,https://planscore.org/plan.html?20260606T032236.251017138Z,
predict11R,MO,yes,-0.068,8,1.0,https://planscore.org/plan.html?20260403T032718.599776893Z,
predict11R,MS,yes,0.106,4,0.99,https://planscore.org/plan.html?20260308T034200.300677008Z,
predict11R,MT,,-0.192,2,0.0,https://planscore.org/plan.html?20260311T001909.521563150Z,
predict11R,NC,yes,-0.137,14,3.01,https://planscore.org/plan.html?20260311T231946.185862289Z,
predict11R,ND,,0.001,1,0.0,https://planscore.org/plan.html?20260411T005707.815043069Z,
predict11R,NE,,-0.114,3,0.14,https://planscore.org/plan.html?20260305T214929.532416284Z,
predict11R,NH,,-0.243,2,0.4,https://planscore.org/plan.html?20260625T045900.941240873Z,
predict11R,NJ,,0.03,12,5.85,https://planscore.org/plan.html?20260625T045947.328922683Z,
predict11R,NM,,-0.073,3,1.25,https://planscore.org/plan.html?20260305T215003.316632359Z,
predict11R,NV,,-0.257,4,0.45,https://planscore.org/plan.html?20260319T164753.307375170Z,
predict11R,NY,,0.03,26,14.63,https://planscore.org/plan.html?20260625T050100.234269593Z,
predict11R,OH,yes,-0.084,15,2.6,https://planscore.org/plan.html?20260311T232103.428461538Z,
predict11R,OK,,-0.026,5,0.0,https://planscore.org/plan.html?20260411T005946.595858842Z,
predict11R,OR,,0.113,6,4.04,https://planscore.org/plan.html?20260311T232157.257431214Z,
predict11R,PA,,-0.016,17,6.12,https://planscore.org/plan.html?20260319T164857.622128675Z,
predict11R,RI,,0.191,2,1.5,https://planscore.org/plan.html?20260625T222549.144598706Z,
predict11R,SC,,-0.059,7,0.99,https://planscore.org/plan.html?20260403T033013.113275284Z,
predict11R,SD,,-0.071,1,0.0,https://planscore.org/plan.html?20260403T033103.684833132Z,
predict11R,TN,yes,-0.076,9,0.0,https://planscore.org/plan.html?20260722T040740.589683831Z,
predict11R,TX,yes,-0.036,38,7.89,https://planscore.org/plan.html?20260701T174152.874610488Z,
predict11R,UT,yes,0.042,4,0.84,https://planscore.org/plan.html?20260625T050534.898211789Z,
predict11R,VA,,-0.021,11,4.46,https://planscore.org/plan.html?20260805T151956.317513678Z,
predict11R,VT,,0.199,1,1.0,https://planscore.org/plan.html?20260606T032520.258161273Z,
predict11R,WA,,0.026,10,6.04,https://planscore.org/plan.html?20260805T152109.934684373Z,
predict11R,WI,,-0.097,8,2.0,https://planscore.org/plan.html?20260606T032709.098429826Z,
predict11R,WV,,-0.042,2,0.0,https://planscore.org/plan.html?20260305T215356.645699364Z,
predict11R,WY,,0.069,1,0.0,https://planscore.org/plan.html?20260606T032821.491410806Z,
predict12R,AK,,-0.229,1,0.0,https://planscore.org/plan.html?20260606T031849.875324435Z,
predict12R,AL,yes,0.034,7,0.92,https://planscore.org/plan.html?20260606T031915.505675657Z,
predict12R,AR,,-0.045,4,0.0,https://planscore.org/plan.html?20260308T032913.606546189Z,
predict12R,AZ,,-0.051,9,2.3,https://planscore.org/plan.html?20260722T235632.397222307Z,
predict12R,CA,yes,0.008,52,30.1,https://planscore.org/plan.html?20260625T222133.483244065Z,
predict12R,CO,,-0.027,8,3.59,https://planscore.org/plan.html?20260701T173945.009928089Z,
predict12R,CT,,0.189,5,3.83,https://planscore.org/plan.html?20260625T045340.472321073Z,
predict12R,DE,,0.261,1,0.83,https://planscore.org/plan.html?20260722T040440.413139389Z,
predict12R,FL,yes,-0.097,28,3.67,https://planscore.org/plan.html?20260625T045500.962242109Z,
predict12R,GA,,-0.031,14,4.45,https://planscore.org/plan.html?20260625T045639.956421935Z,
predict12R,HI,,0.284,2,2.0,https://planscore.org/plan.html?20260606T032043.497247035Z,
predict12R,IA,,-0.251,4,0.01,https://planscore.org/plan.html?20260319T164519.558114443Z,
predict12R,ID,,-0.027,2,0.0,https://planscore.org/plan.html?20260308T032154.061667483Z,
predict12R,IL,,0.091,17,9.94,https://planscore.org/plan.html?20260308T033436.750386296Z,
predict12R,IN,,-0.061,9,1.06,https://planscore.org/plan.html?20260305T214739.268377248Z,
predict12R,KS,,-0.156,4,0.26,https://planscore.org/plan.html?20260606T032124.194740017Z,
predict12R,KY,,0.074,6,0.96,https://planscore.org/plan.html?20260308T033616.100439120Z,
predict12R,LA,yes,0.036,6,1.0,https://planscore.org/plan.html?20260722T040540.646743492Z,
predict12R,MA,,0.25,9,8.65,https://planscore.org/plan.html?20260308T033755.021978592Z,
predict12R,MD,,0.067,8,6.04,https://planscore.org/plan.html?20260311T231835.312347617Z,
predict12R,ME,,0.012,2,0.98,https://planscore.org/plan.html?20260319T164637.828799437Z,
predict12R,MI,,-0.028,13,4.48,https://planscore.org/plan.html?20260805T151741.204001083Z,
predict12R,MN,,-0.003,8,3.33,https://planscore.org/plan.html?20260606T032236.911781321Z,
predict12R,MO,yes,-0.059,8,1.0,https://planscore.org/plan.html?20260403T032718.698952691Z,
predict12R,MS,yes,0.114,4,0.99,https://planscore.org/plan.html?20260308T034158.708744989Z,
predict12R,MT,,-0.183,2,0.0,https://planscore.org/plan.html?20260311T001909.826516911Z,
predict12R,NC,yes,-0.127,14,3.0,https://planscore.org/plan.html?20260311T231946.001217444Z,
predict12R,ND,,0.009,1,0.0,https://planscore.org/plan.html?20260411T005707.447326026Z,
predict12R,NE,,-0.118,3,0.1,https://planscore.org/plan.html?20260305T214929.835782000Z,
predict12R,NH,,-0.286,2,0.29,https://planscore.org/plan.html?20260625T045900.155417769Z,
predict12R,NJ,,0.014,12,5.52,https://planscore.org/plan.html?20260625T045947.842383175Z,
predict12R,NM,,-0.102,3,1.13,https://planscore.org/plan.html?20260305T215003.662876334Z,
predict12R,NV,,-0.274,4,0.33,https://planscore.org/plan.html?20260319T164753.974512041Z,
predict12R,NY,,0.023,26,14.19,https://planscore.org/plan.html?20260625T050100.128327441Z,
predict12R,OH,yes,-0.082,15,2.48,https://planscore.org/plan.html?20260311T232103.866443245Z,
predict12R,OK,,-0.018,5,0.0,https://planscore.org/plan.html?20260411T005945.109738047Z,
predict12R,OR,,0.091,6,3.84,https://planscore.org/plan.html?20260311T232157.618881711Z,
predict12R,PA,,-0.018,17,5.91,https://planscore.org/plan.html?20260319T164857.088802514Z,
predict12R,RI,,0.154,2,1.41,https://planscore.org/plan.html?20260625T222549.780419792Z,
predict12R,SC,,-0.049,7,0.99,https://planscore.org/plan.html?20260403T033013.225982281Z,
predict12R,SD,,-0.063,1,0.0,https://planscore.org/plan.html?20260403T033102.106888799Z,
predict12R,TN,yes,-0.066,9,0.0,https://planscore.org/plan.html?20260722T040740.650050387Z,
predict12R,TX,yes,-0.027,38,7.85,https://planscore.org/plan.html?20260701T174152.950117537Z,
predict12R,UT,yes,0.041,4,0.79,https://planscore.org/plan.html?20260625T050534.197142804Z,
predict12R,VA,,-0.019,11,4.36,https://planscore.org/plan.html?20260805T151956.866266972Z,
predict12R,VT,,0.209,1,1.0,https://planscore.org/plan.html?20260606T032520.978953901Z,
predict12R,WA,,0.025,10,5.92,https://planscore.org/plan.html?20260805T152109.592398718Z,
predict12R,WI,,-0.087,8,2.0,https://planscore.org/plan.html?20260606T032709.125120840Z,
predict12R,WV,,-0.032,2,0.0,https://planscore.org/plan.html?20260305T215356.979475992Z,
predict12R,WY,,0.077,1,0.0,https://planscore.org/plan.html?20260606T032821.099564317Z,
